ABASE ON-LINE|ZOETIS|ZOETIS ÉTICOS|BAYER|CÓDIGO
NÃO|NÃO|NÃO|NÃO|5648
SIM|SIM|SIM|SIM|9350
SIM|SIM|SIM|SIM|731
NÃO|NÃO|NÃO|NÃO|7406
NÃO|NÃO|NÃO|NÃO|6497
NÃO|NÃO|NÃO|NÃO|921
NÃO|NÃO|NÃO|NÃO|136
NÃO|NÃO|NÃO|NÃO|137
SIM|SIM|SIM|SIM|9232
SIM|SIM|SIM|SIM|729
SIM|SIM|NÃO|SIM|8758
SIM|SIM|SIM|SIM|8206
NÃO|NÃO|NÃO|NÃO|7640
NÃO|NÃO|NÃO|NÃO|8437
SIM|SIM|SIM|SIM|2442
NÃO|NÃO|NÃO|NÃO|4961
SIM|SIM|SIM|SIM|7868
NÃO|NÃO|NÃO|NÃO|5868
SIM|SIM|NÃO|SIM|3131
SIM|SIM|SIM|SIM|1127
SIM|SIM|NÃO|SIM|520
NÃO|NÃO|NÃO|NÃO|8891
SIM|SIM|NÃO|SIM|7793
SIM|SIM|SIM|SIM|80
SIM|SIM|SIM|SIM|8186
SIM|SIM|NÃO|SIM|5666
SIM|SIM|NÃO|SIM|8073
SIM|SIM|NÃO|SIM|8930
SIM|SIM|NÃO|SIM|6590
SIM|SIM|NÃO|SIM|8713
SIM|SIM|NÃO|SIM|4545
SIM|SIM|NÃO|SIM|1565
SIM|SIM|SIM|SIM|8207
SIM|SIM|SIM|SIM|5584
SIM|SIM|SIM|SIM|8733
SIM|SIM|SIM|SIM|5867
SIM|SIM|NÃO|SIM|4656
NÃO|NÃO|NÃO|NÃO|9490
SIM|SIM|SIM|SIM|1900
SIM|SIM|SIM|SIM|4712
NÃO|NÃO|NÃO|NÃO|6400
SIM|SIM|NÃO|SIM|725
SIM|SIM|NÃO|SIM|8701
NÃO|NÃO|NÃO|NÃO|7862
SIM|SIM|NÃO|SIM|5756
SIM|SIM|SIM|SIM|3810
SIM|SIM|NÃO|SIM|7688
SIM|SIM|NÃO|SIM|1762
SIM|SIM|SIM|SIM|4442
NÃO|NÃO|NÃO|NÃO|567
SIM|SIM|SIM|SIM|5133
NÃO|NÃO|NÃO|NÃO|9254
NÃO|NÃO|NÃO|NÃO|2270
NÃO|NÃO|NÃO|NÃO|9489
SIM|SIM|SIM|SIM|2567
NÃO|NÃO|NÃO|NÃO|2223
SIM|SIM|SIM|SIM|6154
SIM|SIM|SIM|SIM|1980
SIM|SIM|SIM|SIM|5344
NÃO|NÃO|NÃO|NÃO|2106
SIM|SIM|NÃO|SIM|6636
SIM|SIM|SIM|SIM|1563
NÃO|NÃO|NÃO|NÃO|405
NÃO|NÃO|NÃO|NÃO|8308
NÃO|NÃO|NÃO|NÃO|2438
SIM|SIM|SIM|SIM|3056
SIM|SIM|SIM|SIM|4324
SIM|SIM|NÃO|SIM|708
SIM|SIM|SIM|SIM|5397
SIM|SIM|NÃO|SIM|8010
SIM|SIM|SIM|SIM|4214
SIM|SIM|SIM|SIM|8262
NÃO|NÃO|NÃO|NÃO|4194
NÃO|NÃO|NÃO|NÃO|1953
SIM|SIM|SIM|SIM|6386
SIM|SIM|NÃO|SIM|2554
SIM|SIM|NÃO|SIM|2433
SIM|SIM|SIM|SIM|5170
SIM|SIM|SIM|SIM|236
NÃO|NÃO|NÃO|NÃO|3133
NÃO|NÃO|NÃO|NÃO|5199
SIM|SIM|NÃO|SIM|5825
NÃO|NÃO|NÃO|NÃO|2281
NÃO|NÃO|NÃO|NÃO|6486
SIM|SIM|NÃO|SIM|3605
SIM|SIM|NÃO|SIM|805
NÃO|NÃO|NÃO|NÃO|7522
SIM|SIM|NÃO|SIM|8075
SIM|SIM|NÃO|SIM|9167
SIM|SIM|SIM|SIM|5029
NÃO|NÃO|NÃO|NÃO|8737
SIM|SIM|SIM|SIM|3126
NÃO|NÃO|NÃO|NÃO|7994
NÃO|NÃO|NÃO|NÃO|7401
NÃO|NÃO|NÃO|NÃO|1470
NÃO|NÃO|NÃO|NÃO|7912
SIM|SIM|NÃO|SIM|7936
SIM|SIM|SIM|SIM|5308
NÃO|NÃO|NÃO|NÃO|6206
SIM|SIM|SIM|SIM|5889
SIM|SIM|SIM|SIM|1147
SIM|SIM|SIM|SIM|8315
SIM|SIM|SIM|SIM|8691
SIM|SIM|SIM|SIM|8659
SIM|SIM|SIM|SIM|9266
NÃO|NÃO|NÃO|NÃO|6514
NÃO|NÃO|NÃO|NÃO|4754
SIM|SIM|NÃO|SIM|2647
NÃO|NÃO|NÃO|NÃO|5527
NÃO|NÃO|NÃO|NÃO|2985
NÃO|NÃO|NÃO|NÃO|2256
SIM|SIM|NÃO|SIM|3352
NÃO|NÃO|NÃO|NÃO|5708
SIM|SIM|NÃO|SIM|7419
SIM|SIM|NÃO|SIM|5553
SIM|SIM|NÃO|SIM|625
NÃO|NÃO|NÃO|NÃO|5677
NÃO|NÃO|NÃO|NÃO|2389
NÃO|NÃO|NÃO|NÃO|4423
SIM|SIM|NÃO|SIM|6114
SIM|SIM|NÃO|SIM|9918
SIM|SIM|NÃO|SIM|8943
SIM|SIM|NÃO|SIM|9453
SIM|SIM|NÃO|SIM|443
SIM|SIM|SIM|SIM|8610
SIM|SIM|NÃO|SIM|726
SIM|SIM|NÃO|SIM|2146
NÃO|NÃO|NÃO|NÃO|6524
SIM|SIM|SIM|SIM|3030
SIM|SIM|NÃO|SIM|6949
SIM|SIM|SIM|SIM|3546
SIM|SIM|NÃO|SIM|2957
NÃO|NÃO|NÃO|NÃO|6995
SIM|SIM|SIM|SIM|8282
SIM|SIM|NÃO|SIM|7148
SIM|SIM|NÃO|SIM|4051
SIM|SIM|NÃO|SIM|6943
SIM|SIM|NÃO|SIM|6992
SIM|SIM|NÃO|SIM|8190
SIM|SIM|NÃO|SIM|2580
SIM|SIM|NÃO|SIM|3272
SIM|SIM|SIM|SIM|7141
SIM|SIM|SIM|SIM|2437
SIM|SIM|SIM|SIM|7638
SIM|SIM|SIM|SIM|9213
SIM|SIM|NÃO|SIM|6493
SIM|SIM|NÃO|SIM|7227
SIM|SIM|NÃO|SIM|5775
SIM|SIM|NÃO|SIM|1488
NÃO|NÃO|NÃO|NÃO|7618
SIM|SIM|SIM|SIM|7521
SIM|SIM|SIM|SIM|8962
SIM|SIM|SIM|SIM|6117
SIM|SIM|NÃO|SIM|7104
SIM|SIM|SIM|SIM|7008
SIM|NÃO|NÃO|SIM|9218
SIM|SIM|SIM|SIM|6957
SIM|SIM|NÃO|SIM|8786
SIM|SIM|NÃO|SIM|7846
SIM|SIM|SIM|SIM|6757
SIM|SIM|NÃO|SIM|5577
SIM|SIM|NÃO|SIM|1573
SIM|SIM|SIM|SIM|6195
SIM|SIM|NÃO|SIM|6518
SIM|SIM|NÃO|SIM|8317
SIM|SIM|SIM|SIM|5806
SIM|SIM|NÃO|SIM|765
SIM|SIM|NÃO|SIM|9349
SIM|SIM|NÃO|SIM|3447
SIM|SIM|SIM|SIM|5945
SIM|SIM|SIM|SIM|6011
SIM|SIM|NÃO|SIM|7204
SIM|SIM|NÃO|SIM|5651
SIM|SIM|NÃO|SIM|7040
SIM|SIM|SIM|SIM|8392
SIM|SIM|SIM|SIM|6652
SIM|SIM|SIM|SIM|6994
SIM|SIM|NÃO|SIM|6960
SIM|SIM|NÃO|SIM|7041
SIM|SIM|NÃO|SIM|739
SIM|SIM|NÃO|SIM|7167
SIM|SIM|SIM|SIM|2955
NÃO|NÃO|NÃO|NÃO|5618
SIM|SIM|SIM|SIM|7314
SIM|SIM|SIM|SIM|838
SIM|SIM|SIM|SIM|2376
SIM|SIM|NÃO|SIM|8885
SIM|SIM|SIM|SIM|4337
SIM|SIM|SIM|SIM|2794
SIM|SIM|NÃO|SIM|8104
SIM|SIM|NÃO|SIM|8784
SIM|SIM|NÃO|SIM|703
SIM|SIM|NÃO|SIM|183
SIM|SIM|NÃO|SIM|8845
SIM|SIM|NÃO|SIM|6975
SIM|SIM|SIM|SIM|7327
SIM|SIM|SIM|SIM|2074
SIM|SIM|NÃO|SIM|7552
SIM|SIM|NÃO|SIM|3318
SIM|SIM|NÃO|SIM|7698
NÃO|NÃO|NÃO|NÃO|923
SIM|SIM|SIM|SIM|4066
SIM|SIM|NÃO|SIM|287
SIM|SIM|NÃO|SIM|709
SIM|SIM|NÃO|SIM|4777
SIM|SIM|SIM|SIM|2983
SIM|SIM|SIM|SIM|9243
SIM|SIM|NÃO|SIM|1484
SIM|SIM|NÃO|SIM|6948
SIM|SIM|NÃO|SIM|8840
SIM|SIM|SIM|SIM|7501
SIM|SIM|NÃO|SIM|7586
SIM|SIM|NÃO|SIM|7082
SIM|NÃO|NÃO|SIM|8241
SIM|SIM|NÃO|SIM|7554
SIM|SIM|SIM|SIM|986
SIM|NÃO|NÃO|SIM|9353
SIM|SIM|NÃO|SIM|6194
SIM|SIM|SIM|SIM|7383
SIM|SIM|SIM|SIM|4503
SIM|SIM|NÃO|SIM|1361
SIM|NÃO|NÃO|SIM|9217
SIM|SIM|NÃO|SIM|7225
SIM|SIM|NÃO|SIM|6803
SIM|SIM|SIM|SIM|7605
SIM|SIM|SIM|SIM|3224
SIM|SIM|SIM|SIM|7382
SIM|SIM|SIM|SIM|7916
SIM|SIM|NÃO|SIM|9915
SIM|SIM|NÃO|SIM|7259
SIM|SIM|NÃO|SIM|6909
SIM|SIM|NÃO|SIM|8580
SIM|SIM|NÃO|SIM|8717
SIM|SIM|SIM|SIM|7036
SIM|SIM|NÃO|SIM|6771
SIM|SIM|NÃO|SIM|6255
SIM|NÃO|NÃO|SIM|3628
SIM|SIM|SIM|SIM|7012
SIM|SIM|NÃO|SIM|983
SIM|SIM|SIM|SIM|7200
SIM|SIM|SIM|SIM|6973
SIM|SIM|SIM|SIM|2441
SIM|SIM|SIM|SIM|8326
SIM|SIM|SIM|SIM|6569
NÃO|NÃO|NÃO|NÃO|6647
SIM|SIM|NÃO|SIM|3762
SIM|SIM|SIM|SIM|5667
SIM|SIM|SIM|SIM|4431
NÃO|NÃO|NÃO|NÃO|6531
SIM|SIM|SIM|SIM|7073
SIM|SIM|NÃO|SIM|8584
SIM|SIM|SIM|SIM|3564
SIM|SIM|NÃO|SIM|3563
SIM|SIM|NÃO|SIM|4887
SIM|SIM|NÃO|SIM|5878
SIM|SIM|NÃO|SIM|7671
SIM|SIM|SIM|SIM|6305
SIM|SIM|NÃO|SIM|9123
SIM|SIM|SIM|SIM|4846
SIM|SIM|SIM|SIM|7266
SIM|SIM|SIM|SIM|6940
SIM|NÃO|NÃO|SIM|1408
SIM|SIM|NÃO|SIM|1303
SIM|SIM|NÃO|SIM|2050
SIM|SIM|SIM|SIM|7071
SIM|SIM|NÃO|SIM|7039
SIM|SIM|SIM|SIM|7101
SIM|SIM|NÃO|SIM|9916
SIM|NÃO|NÃO|SIM|6300
SIM|NÃO|NÃO|SIM|9216
SIM|SIM|NÃO|SIM|1555
SIM|SIM|NÃO|SIM|6547
SIM|SIM|NÃO|SIM|6224
SIM|SIM|NÃO|SIM|6693
SIM|SIM|NÃO|SIM|1434
SIM|SIM|SIM|SIM|7791
SIM|SIM|NÃO|SIM|4195
SIM|SIM|NÃO|SIM|7254
SIM|SIM|NÃO|SIM|6941
SIM|SIM|SIM|SIM|3305
SIM|SIM|NÃO|SIM|9507
SIM|SIM|NÃO|SIM|6557
SIM|SIM|NÃO|SIM|7317
SIM|SIM|NÃO|SIM|7697
SIM|SIM|NÃO|SIM|5895
SIM|SIM|SIM|SIM|7181
SIM|SIM|NÃO|SIM|8572
SIM|SIM|NÃO|SIM|6959
SIM|SIM|NÃO|SIM|6453
SIM|SIM|SIM|SIM|7661
SIM|SIM|SIM|SIM|4645
SIM|SIM|NÃO|SIM|6162
SIM|SIM|SIM|SIM|6088
SIM|SIM|NÃO|SIM|2348
NÃO|NÃO|NÃO|NÃO|6061
SIM|SIM|SIM|SIM|1790
SIM|SIM|SIM|SIM|5261
SIM|SIM|SIM|SIM|6172
SIM|SIM|NÃO|SIM|4483
SIM|SIM|NÃO|SIM|118
SIM|SIM|SIM|SIM|5171
SIM|SIM|NÃO|SIM|1176
SIM|NÃO|NÃO|SIM|2757
SIM|SIM|NÃO|SIM|6979
SIM|NÃO|NÃO|SIM|2018
SIM|SIM|NÃO|SIM|7230
SIM|SIM|SIM|SIM|7231
SIM|SIM|NÃO|SIM|7015
SIM|SIM|SIM|SIM|5800
SIM|SIM|NÃO|SIM|1359
SIM|SIM|SIM|SIM|605
NÃO|NÃO|NÃO|NÃO|1480
SIM|SIM|SIM|SIM|9097
SIM|SIM|SIM|SIM|4544
SIM|SIM|SIM|SIM|6942
SIM|SIM|SIM|SIM|5719
SIM|SIM|NÃO|SIM|6898
SIM|SIM|NÃO|SIM|3850
SIM|SIM|NÃO|SIM|7766
SIM|SIM|NÃO|SIM|7062
SIM|SIM|NÃO|SIM|6329
SIM|SIM|NÃO|SIM|7089
SIM|SIM|SIM|SIM|4045
SIM|SIM|SIM|SIM|6974
SIM|SIM|SIM|SIM|5169
SIM|SIM|NÃO|SIM|1305
SIM|SIM|NÃO|SIM|264
SIM|SIM|NÃO|SIM|6027
SIM|SIM|SIM|SIM|5073
SIM|SIM|NÃO|SIM|6996
SIM|SIM|NÃO|SIM|6971
SIM|SIM|NÃO|SIM|7432
SIM|NÃO|NÃO|SIM|8666
SIM|SIM|SIM|SIM|7350
SIM|SIM|NÃO|SIM|3701
SIM|SIM|SIM|SIM|9288
SIM|NÃO|NÃO|SIM|
SIM|SIM|NÃO|SIM|5292
SIM|SIM|NÃO|SIM|1921
NÃO|NÃO|NÃO|NÃO|5295
SIM|SIM|SIM|SIM|5726
SIM|SIM|NÃO|SIM|6142
SIM|SIM|NÃO|SIM|6200
SIM|SIM|NÃO|SIM|7246
NÃO|NÃO|NÃO|NÃO|2666
NÃO|NÃO|NÃO|NÃO|1695
SIM|SIM|NÃO|SIM|6837
SIM|SIM|NÃO|SIM|8031
NÃO|NÃO|NÃO|NÃO|9908
SIM|SIM|NÃO|SIM|3511
SIM|SIM|SIM|SIM|5709
SIM|SIM|NÃO|SIM|6883
SIM|SIM|SIM|SIM|8823
NÃO|NÃO|NÃO|NÃO|8665
SIM|SIM|SIM|SIM|9007
SIM|SIM|NÃO|SIM|4120
SIM|SIM|NÃO|SIM|5834
SIM|SIM|NÃO|SIM|1306
SIM|SIM|SIM|SIM|2051
NÃO|NÃO|NÃO|NÃO|5621
SIM|SIM|SIM|SIM|7312
SIM|SIM|NÃO|SIM|5636
SIM|SIM|SIM|SIM|5303
SIM|SIM|SIM|SIM|4693
SIM|SIM|SIM|SIM|7695
SIM|SIM|SIM|SIM|9198
SIM|SIM|NÃO|SIM|7399
SIM|SIM|NÃO|SIM|5065
SIM|SIM|NÃO|SIM|3371
SIM|SIM|NÃO|SIM|2141
SIM|SIM|SIM|SIM|5721
SIM|SIM|SIM|SIM|8443
SIM|SIM|NÃO|SIM|7551
SIM|SIM|SIM|SIM|8488
SIM|SIM|SIM|SIM|4050
SIM|SIM|NÃO|SIM|5610
SIM|SIM|NÃO|SIM|927
SIM|SIM|SIM|SIM|6635
SIM|SIM|NÃO|SIM|491
SIM|SIM|NÃO|SIM|2629
SIM|SIM|NÃO|SIM|6805
SIM|SIM|NÃO|SIM|3802
SIM|SIM|SIM|SIM|7649
SIM|SIM|SIM|SIM|9030
SIM|SIM|SIM|SIM|1945
NÃO|NÃO|NÃO|NÃO|5671
SIM|SIM|NÃO|SIM|8116
SIM|SIM|SIM|SIM|8579
SIM|SIM|SIM|SIM|2312
SIM|SIM|SIM|SIM|4705
SIM|SIM|SIM|SIM|8209
SIM|SIM|SIM|SIM|4908
SIM|SIM|SIM|SIM|4236
SIM|SIM|NÃO|SIM|1959
SIM|SIM|SIM|SIM|5310
SIM|SIM|NÃO|SIM|2219
SIM|SIM|NÃO|SIM|7706
SIM|SIM|SIM|SIM|4221
NÃO|NÃO|NÃO|NÃO|5218
SIM|SIM|NÃO|SIM|9018
SIM|SIM|SIM|SIM|2011
SIM|SIM|SIM|SIM|6129
SIM|SIM|SIM|SIM|3934
SIM|SIM|SIM|SIM|1806
SIM|SIM|SIM|SIM|8151
SIM|SIM|SIM|SIM|179
SIM|SIM|NÃO|SIM|9446
SIM|SIM|NÃO|SIM|5536
SIM|SIM|SIM|SIM|8479
SIM|SIM|NÃO|SIM|7982
SIM|SIM|NÃO|SIM|7811
SIM|SIM|SIM|SIM|675
SIM|SIM|NÃO|SIM|8246
SIM|SIM|SIM|SIM|2874
SIM|SIM|SIM|SIM|7932
SIM|SIM|NÃO|SIM|1222
SIM|SIM|NÃO|SIM|1915
NÃO|NÃO|NÃO|NÃO|6630
SIM|SIM|NÃO|SIM|8790
SIM|SIM|SIM|SIM|2088
SIM|SIM|NÃO|SIM|1985
SIM|SIM|SIM|SIM|1612
SIM|SIM|NÃO|SIM|4169
SIM|SIM|SIM|SIM|8675
SIM|SIM|NÃO|SIM|556
SIM|SIM|NÃO|SIM|9006
SIM|SIM|SIM|SIM|1881
SIM|SIM|SIM|SIM|4055
SIM|SIM|NÃO|SIM|7647
SIM|SIM|SIM|SIM|7303
SIM|SIM|NÃO|SIM|6543
SIM|SIM|SIM|SIM|6116
SIM|SIM|SIM|SIM|6092
SIM|SIM|SIM|SIM|2594
SIM|SIM|NÃO|SIM|2342
SIM|SIM|SIM|SIM|2254
SIM|SIM|SIM|SIM|3831
SIM|SIM|SIM|SIM|8608
SIM|NÃO|NÃO|SIM|4187
SIM|SIM|NÃO|SIM|8150
SIM|SIM|NÃO|SIM|7861
SIM|SIM|SIM|SIM|2461
SIM|SIM|SIM|SIM|5016
SIM|SIM|NÃO|SIM|2094
SIM|SIM|SIM|SIM|3433
SIM|SIM|SIM|SIM|3888
SIM|SIM|NÃO|SIM|1926
SIM|SIM|NÃO|SIM|2032
SIM|SIM|NÃO|SIM|1756
SIM|SIM|NÃO|SIM|5368
SIM|SIM|SIM|SIM|1112
SIM|SIM|SIM|SIM|8621
SIM|SIM|NÃO|SIM|7417
NÃO|NÃO|NÃO|NÃO|5066
NÃO|NÃO|NÃO|NÃO|7387
SIM|SIM|SIM|SIM|6134
SIM|SIM|SIM|SIM|251
SIM|SIM|SIM|SIM|4480
SIM|SIM|SIM|SIM|4476
SIM|SIM|NÃO|SIM|6878
SIM|SIM|NÃO|SIM|5783
SIM|SIM|NÃO|SIM|3084
SIM|SIM|SIM|SIM|4027
SIM|SIM|NÃO|SIM|1923
SIM|SIM|NÃO|SIM|209
SIM|SIM|SIM|SIM|1150
SIM|SIM|SIM|SIM|8578
SIM|SIM|NÃO|SIM|6835
SIM|SIM|NÃO|SIM|1554
SIM|SIM|NÃO|SIM|6772
NÃO|NÃO|NÃO|NÃO|3090
SIM|SIM|SIM|SIM|5058
SIM|SIM|SIM|SIM|7418
SIM|SIM|NÃO|SIM|328
SIM|SIM|SIM|SIM|5863
SIM|SIM|NÃO|SIM|3007
SIM|SIM|SIM|SIM|6046
SIM|SIM|SIM|SIM|156
SIM|SIM|SIM|SIM|4702
SIM|SIM|SIM|SIM|1198
SIM|SIM|NÃO|SIM|2538
SIM|SIM|NÃO|SIM|1097
SIM|SIM|SIM|SIM|7320
SIM|SIM|NÃO|SIM|6796
SIM|SIM|NÃO|SIM|3662
SIM|SIM|SIM|SIM|2252
SIM|SIM|NÃO|SIM|7194
SIM|SIM|NÃO|SIM|1575
SIM|SIM|NÃO|SIM|6353
SIM|NÃO|NÃO|SIM|894
NÃO|NÃO|NÃO|NÃO|2692
SIM|SIM|NÃO|SIM|2517
SIM|SIM|NÃO|SIM|3699
SIM|SIM|NÃO|SIM|7392
NÃO|NÃO|NÃO|NÃO|7725
SIM|SIM|SIM|SIM|329
SIM|SIM|NÃO|SIM|1862
SIM|SIM|NÃO|SIM|6105
SIM|SIM|SIM|SIM|6253
SIM|SIM|SIM|SIM|5944
SIM|SIM|SIM|SIM|6303
NÃO|NÃO|NÃO|NÃO|5578
SIM|SIM|SIM|SIM|8033
SIM|SIM|SIM|SIM|8582
SIM|SIM|SIM|SIM|5763
SIM|SIM|SIM|SIM|9071
SIM|SIM|SIM|SIM|9067
SIM|SIM|SIM|SIM|9022
SIM|SIM|SIM|SIM|4142
SIM|SIM|NÃO|SIM|8984
SIM|SIM|NÃO|SIM|5294
SIM|SIM|SIM|SIM|157
SIM|SIM|SIM|SIM|2132
SIM|SIM|SIM|SIM|5547
SIM|SIM|NÃO|SIM|6817
SIM|SIM|SIM|SIM|3274
SIM|SIM|SIM|SIM|3840
SIM|SIM|SIM|SIM|9268
SIM|SIM|SIM|SIM|9466
SIM|SIM|SIM|SIM|4069
SIM|SIM|NÃO|SIM|5305
SIM|SIM|SIM|SIM|4602
SIM|SIM|SIM|SIM|4282
SIM|SIM|NÃO|SIM|3547
SIM|SIM|SIM|SIM|4627
SIM|SIM|SIM|SIM|113
SIM|SIM|SIM|SIM|9005
SIM|SIM|SIM|SIM|24
SIM|SIM|SIM|SIM|5647
SIM|SIM|NÃO|SIM|9830
SIM|SIM|SIM|SIM|215
SIM|SIM|SIM|SIM|5436
SIM|SIM|SIM|SIM|4680
SIM|SIM|não|SIM|7499
SIM|SIM|SIM|SIM|2313
SIM|SIM|SIM|SIM|9702
SIM|SIM|SIM|SIM|2698
SIM|SIM|SIM|SIM|2197
SIM|SIM|SIM|SIM|2099
SIM|SIM|SIM|SIM|4323
SIM|SIM|SIM|SIM|2842
SIM|SIM|não|SIM|5167
SIM|SIM|não|SIM|8230
SIM|SIM|SIM|SIM|2694
SIM|SIM|não|SIM|9335
SIM|SIM|SIM|SIM|2431
SIM|SIM|SIM|SIM|7951
SIM|SIM|não|SIM|8927
SIM|SIM|NÃO|SIM|1574
SIM|SIM|SIM|SIM|7993
SIM|SIM|SIM|SIM|5574
SIM|SIM|não|SIM|4161
SIM|SIM|não|SIM|7723
SIM|SIM|SIM|SIM|2416
SIM|SIM|SIM|SIM|1936
SIM|SIM|SIM|SIM|5302
SIM|SIM|não|SIM|3276
SIM|SIM|SIM|SIM|2306
SIM|SIM|SIM|SIM|2508
SIM|SIM|SIM|SIM|2319
SIM|SIM|SIM|SIM|5042
SIM|SIM|SIM|SIM|2023
SIM|SIM|não|SIM|759
SIM|SIM|SIM|SIM|9137
SIM|SIM|SIM|SIM|2100
SIM|SIM|SIM|SIM|1703
SIM|SIM|não|SIM|933
SIM|SIM|não|SIM|5717
SIM|SIM|SIM|SIM|2110
SIM|SIM|não|SIM|3404
SIM|SIM|SIM|SIM|3800
SIM|SIM|SIM|SIM|8279
SIM|SIM|SIM|SIM|3933
SIM|SIM|não|SIM|2172
SIM|SIM|não|SIM|8690
SIM|SIM|não|SIM|9195
SIM|SIM|SIM|SIM|5444
SIM|SIM|SIM|SIM|8011
SIM|SIM|SIM|SIM|5349
SIM|SIM|SIM|SIM|6413
SIM|SIM|SIM|SIM|3990
SIM|SIM|SIM|SIM|2322
SIM|SIM|SIM|SIM|6215
SIM|SIM|SIM|SIM|6328
SIM|SIM|não|SIM|7894
SIM|SIM|SIM|SIM|1725
SIM|SIM|não|SIM|3839
SIM|SIM|SIM|SIM|6685
SIM|SIM|SIM|SIM|6702
SIM|SIM|SIM|SIM|6615
SIM|SIM|não|SIM|5659
SIM|SIM|não|SIM|384
SIM|SIM|SIM|SIM|9940
SIM|SIM|SIM|SIM|2372
SIM|SIM|SIM|SIM|2271
SIM|SIM|SIM|SIM|9445
SIM|SIM|não|SIM|353
SIM|SIM|não|SIM|7211
SIM|SIM|SIM|SIM|2391
SIM|SIM|SIM|SIM|1873
SIM|SIM|não|SIM|7525
SIM|SIM|SIM|SIM|3630
SIM|SIM|não|SIM|2123
SIM|SIM|SIM|SIM|3053
SIM|SIM|não|SIM|2311
SIM|SIM|não|SIM|4306
SIM|SIM|não|SIM|1276
SIM|SIM|SIM|SIM|9133
SIM|SIM|não|SIM|5159
SIM|SIM|SIM|SIM|8509
SIM|SIM|SIM|SIM|2552
SIM|SIM|SIM|SIM|9684
SIM|SIM|SIM|SIM|6539
SIM|SIM|SIM|SIM|7844
SIM|SIM|SIM|SIM|2305
SIM|SIM|SIM|SIM|5845
SIM|SIM|SIM|SIM|7989
SIM|SIM|SIM|SIM|3754
SIM|SIM|não|SIM|7718
SIM|SIM|não|SIM|2356
SIM|SIM|SIM|SIM|902
SIM|SIM|SIM|SIM|2370
SIM|SIM|não|SIM|2541
SIM|SIM|SIM|SIM|1564
SIM|SIM|SIM|SIM|1765
SIM|SIM|não|SIM|6793
SIM|SIM|SIM|SIM|2341
SIM|SIM|não|SIM|9147
SIM|SIM|SIM|SIM|3479
SIM|SIM|SIM|SIM|3296
SIM|SIM|não|SIM|6510
SIM|SIM|não|SIM|7884
SIM|SIM|SIM|SIM|6689
SIM|SIM|não|SIM|3291
SIM|SIM|SIM|SIM|1781
SIM|SIM|SIM|SIM|3189
SIM|SIM|SIM|SIM|3329
SIM|SIM|não|SIM|4477
SIM|SIM|não|SIM|2632
SIM|SIM|não|SIM|2915
NÃO|NÃO|não|NÃO|4584
SIM|SIM|SIM|SIM|6464
SIM|SIM|SIM|SIM|2742
SIM|SIM|SIM|SIM|8259
SIM|SIM|SIM|SIM|4812
SIM|SIM|SIM|SIM|1680
SIM|SIM|SIM|SIM|716
SIM|SIM|SIM|SIM|4720
SIM|SIM|não|SIM|3572
SIM|SIM|não|SIM|2290
SIM|SIM|SIM|SIM|5752
SIM|SIM|não|SIM|3448
SIM|SIM|SIM|SIM|4588
SIM|SIM|SIM|SIM|2627
SIM|SIM|não|SIM|7585
SIM|SIM|SIM|SIM|6880
SIM|SIM|SIM|SIM|3336
SIM|SIM|SIM|SIM|7435
SIM|SIM|não|SIM|3290
SIM|SIM|SIM|SIM|4424
SIM|SIM|não|SIM|5959
SIM|SIM|SIM|SIM|6128
SIM|SIM|SIM|SIM|3506
SIM|SIM|não|SIM|6271
SIM|SIM|SIM|SIM|2097
SIM|SIM|não|SIM|1745
SIM|SIM|SIM|SIM|859
SIM|SIM|SIM|SIM|6412
SIM|SIM|SIM|SIM|6466
SIM|SIM|não|SIM|4253
SIM|SIM|não|SIM|3664
SIM|SIM|SIM|SIM|4450
SIM|SIM|não|SIM|1625
SIM|SIM|não|SIM|5844
SIM|SIM|SIM|SIM|9746
SIM|SIM|SIM|SIM|3770
SIM|SIM|SIM|SIM|6158
SIM|NÃO|não|SIM|2340
SIM|SIM|SIM|SIM|5041
SIM|SIM|SIM|SIM|2542
SIM|SIM|SIM|SIM|4414
SIM|SIM|não|SIM|3054
SIM|SIM|não|SIM|9009
SIM|SIM|não|SIM|6814
SIM|SIM|não|SIM|5316
SIM|SIM|SIM|SIM|9457
SIM|SIM|não|SIM|71
SIM|SIM|SIM|SIM|6498
SIM|SIM|não|SIM|9202
SIM|SIM|SIM|SIM|2410
SIM|SIM|não|SIM|4122
SIM|SIM|SIM|SIM|3485
SIM|SIM|SIM|SIM|4147
SIM|SIM|SIM|SIM|6690
SIM|SIM|SIM|SIM|3423
SIM|SIM|SIM|SIM|5786
SIM|SIM|SIM|SIM|891
SIM|SIM|SIM|SIM|6550
SIM|SIM|SIM|SIM|2221
SIM|SIM|não|SIM|1502
SIM|SIM|não|SIM|2333
SIM|SIM|SIM|SIM|4815
SIM|SIM|SIM|SIM|4413
SIM|SIM|não|SIM|8652
SIM|SIM|SIM|SIM|6184
SIM|SIM|não|SIM|2601
SIM|SIM|não|SIM|3116
SIM|SIM|SIM|SIM|9452
SIM|SIM|SIM|SIM|9941
SIM|SIM|SIM|SIM|3437
SIM|SIM|SIM|SIM|2430
SIM|SIM|SIM|SIM|1582
SIM|SIM|SIM|SIM|2317
SIM|SIM|SIM|SIM|8506
SIM|SIM|SIM|SIM|512
SIM|SIM|SIM|SIM|2307
SIM|SIM|não|SIM|8818
SIM|SIM|SIM|SIM|3976
SIM|SIM|SIM|SIM|8323
SIM|SIM|SIM|SIM|4726
SIM|SIM|SIM|SIM|8183
SIM|SIM|não|SIM|7373
SIM|SIM|SIM|SIM|4141
SIM|SIM|não|SIM|9155
SIM|SIM|não|SIM|2201
SIM|SIM|SIM|SIM|9201
SIM|SIM|SIM|SIM|4583
SIM|SIM|não|SIM|4199
SIM|SIM|SIM|SIM|6333
SIM|SIM|não|SIM|8563
SIM|SIM|SIM|SIM|7843
SIM|SIM|SIM|SIM|2079
SIM|SIM|SIM|SIM|9412
SIM|SIM|não|SIM|8143
SIM|SIM|não|SIM|7968
SIM|SIM|não|SIM|3658
SIM|SIM|não|SIM|5004
SIM|SIM|SIM|SIM|2367
SIM|SIM|não|SIM|7277
SIM|SIM|SIM|SIM|7208
SIM|SIM|não|SIM|7905
SIM|SIM|não|SIM|3542
SIM|NÃO|não|SIM|2653
SIM|SIM|não|SIM|5674
SIM|SIM|SIM|SIM|2745
SIM|SIM|SIM|SIM|2845
SIM|SIM|não|SIM|816
SIM|SIM|SIM|SIM|3753
SIM|SIM|SIM|SIM|1126
SIM|SIM|não|SIM|8076
SIM|SIM|não|SIM|7164
SIM|SIM|não|SIM|4305
SIM|SIM|SIM|SIM|3623
SIM|SIM|não|SIM|4719
SIM|SIM|SIM|SIM|2167
SIM|SIM|SIM|SIM|7641
SIM|SIM|SIM|SIM|3037
SIM|SIM|SIM|SIM|318
SIM|SIM|NÃO|SIM|1769
SIM|SIM|NÃO|SIM|9900
SIM|SIM|NÃO|SIM|8838
SIM|SIM|NÃO|SIM|9313
SIM|SIM|NÃO|SIM|9975
SIM|SIM|NÃO|SIM|7118
SIM|SIM|SIM|SIM|8528
SIM|SIM|NÃO|SIM|2998
SIM|SIM|NÃO|SIM|8063
SIM|SIM|NÃO|SIM|4821
SIM|SIM|NÃO|SIM|9946
NÃO|NÃO|NÃO|NÃO|5587
SIM|SIM|NÃO|SIM|618
NÃO|NÃO|NÃO|NÃO|7910
NÃO|NÃO|NÃO|NÃO|1653
SIM|SIM|NÃO|SIM|627
SIM|SIM|NÃO|SIM|7998
SIM|SIM|SIM|SIM|2551
SIM|SIM|SIM|SIM|2443
SIM|SIM|NÃO|SIM|1896
NÃO|NÃO|NÃO|NÃO|175
SIM|SIM|SIM|SIM|7037
SIM|SIM|SIM|SIM|8498
SIM|SIM|SIM|SIM|1381
SIM|SIM|NÃO|SIM|2502
SIM|SIM|SIM|SIM|2261
SIM|SIM|SIM|SIM|2263
SIM|SIM|NÃO|SIM|6549
SIM|SIM|NÃO|SIM|9028
SIM|SIM|NÃO|SIM|3204
SIM|SIM|SIM|SIM|2713
SIM|SIM|SIM|SIM|3191
SIM|SIM|NÃO|SIM|5658
SIM|SIM|SIM|SIM|4335
SIM|SIM|NÃO|SIM|7121
SIM|SIM|NÃO|SIM|1777
SIM|SIM|NÃO|SIM|7760
SIM|SIM|SIM|SIM|3270
SIM|SIM|SIM|SIM|6243
NÃO|NÃO|NÃO|NÃO|8511
SIM|SIM|SIM|SIM|8133
SIM|SIM|SIM|SIM|509
SIM|SIM|NÃO|SIM|8660
SIM|SIM|NÃO|SIM|4263
SIM|SIM|NÃO|SIM|6244
SIM|SIM|SIM|SIM|3330
SIM|SIM|NÃO|SIM|8027
SIM|SIM|NÃO|SIM|4215
SIM|SIM|NÃO|SIM|6209
SIM|SIM|NÃO|SIM|9299
SIM|SIM|NÃO|SIM|2299
SIM|SIM|NÃO|SIM|3606
SIM|SIM|SIM|SIM|3991
SIM|SIM|SIM|SIM|144
SIM|SIM|NÃO|SIM|6210
NÃO|NÃO|NÃO|NÃO|3591
SIM|SIM|NÃO|SIM|8030
NÃO|NÃO|NÃO|NÃO|559
SIM|SIM|SIM|SIM|2620
SIM|SIM|SIM|SIM|151
SIM|SIM|NÃO|SIM|2122
SIM|SIM|SIM|SIM|2310
SIM|SIM|NÃO|SIM|1466
SIM|SIM|SIM|SIM|9657
SIM|SIM|NÃO|SIM|5655
SIM|SIM|SIM|SIM|1954
SIM|SIM|NÃO|SIM|2072
SIM|SIM|SIM|SIM|3244
SIM|SIM|NÃO|SIM|643
SIM|SIM|NÃO|SIM|10019
SIM|SIM|SIM|SIM|2952
SIM|SIM|NÃO|SIM|6910
SIM|SIM|NÃO|SIM|6865
SIM|SIM|SIM|SIM|7034
SIM|SIM|NÃO|SIM|2609
SIM|SIM|NÃO|SIM|2450
SIM|SIM|NÃO|SIM|2334
SIM|SIM|SIM|SIM|7335
SIM|SIM|SIM|SIM|5487
NÃO|NÃO|NÃO|NÃO|7986
SIM|SIM|SIM|SIM|5495
SIM|SIM|SIM|SIM|8537
SIM|SIM|NÃO|SIM|4552
SIM|SIM|NÃO|SIM|9397
SIM|SIM|NÃO|SIM|5090
SIM|SIM|NÃO|SIM|3687
SIM|SIM|NÃO|SIM|6322
SIM|SIM|SIM|SIM|2756
SIM|SIM|SIM|SIM|2347
SIM|SIM|SIM|SIM|3505
SIM|SIM|SIM|SIM|263
SIM|SIM|SIM|SIM|5558
NÃO|NÃO|NÃO|NÃO|6628
SIM|SIM|NÃO|SIM|8715
SIM|SIM|NÃO|SIM|1497
SIM|SIM|SIM|SIM|6211
NÃO|NÃO|NÃO|NÃO|6892
NÃO|NÃO|NÃO|NÃO|5665
SIM|SIM|NÃO|SIM|9047
SIM|SIM|NÃO|SIM|8029
SIM|SIM|NÃO|SIM|6925
SIM|SIM|NÃO|SIM|6019
SIM|SIM|NÃO|SIM|6926
SIM|SIM|NÃO|SIM|8641
SIM|SIM|NÃO|SIM|5663
SIM|SIM|NÃO|SIM|6213
SIM|SIM|NÃO|SIM|8553
SIM|SIM|NÃO|SIM|5537
SIM|SIM|NÃO|SIM|6548
SIM|SIM|SIM|SIM|9810
SIM|SIM|NÃO|SIM|8375
SIM|SIM|NÃO|SIM|8324
SIM|SIM|NÃO|SIM|806
SIM|SIM|NÃO|SIM|7282
SIM|SIM|SIM|SIM|5225
SIM|SIM|SIM|SIM|2589
SIM|SIM|NÃO|SIM|874
SIM|SIM|NÃO|SIM|8079
SIM|SIM|NÃO|SIM|8568
SIM|SIM|NÃO|SIM|6062
SIM|SIM|NÃO|SIM|7708
SIM|SIM|NÃO|SIM|2235
SIM|SIM|NÃO|SIM|3312
SIM|SIM|SIM|SIM|628
SIM|SIM|SIM|SIM|650
SIM|SIM|SIM|SIM|10018
SIM|SIM|SIM|SIM|9045
SIM|SIM|SIM|SIM|8064
SIM|SIM|NÃO|SIM|1297
SIM|SIM|NÃO|SIM|4832
SIM|SIM|SIM|SIM|6066
SIM|SIM|SIM|SIM|5593
NÃO|NÃO|NÃO|NÃO|5589
SIM|SIM|NÃO|SIM|6640
SIM|SIM|NÃO|SIM|8538
SIM|SIM|NÃO|SIM|8222
SIM|SIM|NÃO|SIM|3438
SIM|SIM|SIM|SIM|1056
SIM|SIM|SIM|SIM|5160
SIM|SIM|NÃO|SIM|8025
SIM|SIM|SIM|SIM|514
SIM|SIM|NÃO|SIM|2503
SIM|SIM|SIM|SIM|4381
SIM|SIM|SIM|SIM|3992
SIM|SIM|NÃO|SIM|4873
SIM|SIM|NÃO|SIM|9300
SIM|SIM|SIM|SIM|2682
SIM|SIM|SIM|SIM|9246
SIM|SIM|NÃO|SIM|8646
NÃO|NÃO|NÃO|NÃO|5936
SIM|SIM|NÃO|SIM|6614
SIM|SIM|NÃO|SIM|8024
SIM|SIM|NÃO|SIM|8772
SIM|SIM|NÃO|SIM|6361
NÃO|NÃO|NÃO|NÃO|4848
NÃO|NÃO|NÃO|NÃO|397
SIM|SIM|NÃO|SIM|7656
SIM|SIM|NÃO|SIM|6005
SIM|SIM|SIM|SIM|1946
SIM|SIM|NÃO|SIM|9294
SIM|SIM|NÃO|SIM|7389
SIM|SIM|NÃO|SIM|2434
SIM|SIM|SIM|SIM|2467
SIM|SIM|SIM|SIM|5826
SIM|SIM|SIM|SIM|2004
SIM|SIM|SIM|SIM|5657
SIM|SIM|SIM|SIM|177
SIM|SIM|SIM|SIM|7658
NÃO|NÃO|NÃO|NÃO|6951
SIM|SIM|NÃO|SIM|599
SIM|SIM|NÃO|SIM|6367
SIM|SIM|SIM|SIM|7996
SIM|SIM|SIM|SIM|3979
SIM|SIM|NÃO|SIM|6368
SIM|SIM|NÃO|SIM|573
SIM|SIM|NÃO|SIM|2291
SIM|SIM|SIM|SIM|9089
NÃO|NÃO|NÃO|NÃO|8168
SIM|SIM|NÃO|SIM|7265
SIM|SIM|NÃO|SIM|2143
SIM|SIM|NÃO|SIM|9162
SIM|SIM|NÃO|SIM|8880
SIM|SIM|SIM|SIM|5835
SIM|SIM|NÃO|SIM|10024
SIM|SIM|NÃO|SIM|1569
SIM|SIM|NÃO|SIM|3751
SIM|SIM|SIM|SIM|10007
SIM|SIM|NÃO|SIM|9648
SIM|SIM|SIM|SIM|374
SIM|SIM|NÃO|SIM|5201
SIM|SIM|NÃO|SIM|2388
SIM|SIM|NÃO|SIM|9655
SIM|SIM|SIM|SIM|8752
SIM|NÃO|SIM|SIM|4546
SIM|SIM|NÃO|SIM|5846
SIM|SIM|NÃO|SIM|174
SIM|SIM|NÃO|SIM|6028
SIM|SIM|NÃO|SIM|1623
SIM|SIM|SIM|SIM|5182
SIM|SIM|NÃO|SIM|8849
SIM|SIM|NÃO|SIM|9333
SIM|SIM|SIM|SIM|6452
SIM|SIM|NÃO|SIM|1644
SIM|SIM|NÃO|SIM|574
NÃO|NÃO|NÃO|NÃO|5588
SIM|SIM|SIM|SIM|8914
NÃO|NÃO|NÃO|NÃO|2393
SIM|SIM|NÃO|SIM|5675
SIM|SIM|NÃO|SIM|8497
SIM|SIM|NÃO|SIM|4713
SIM|SIM|NÃO|SIM|7660
SIM|SIM|NÃO|SIM|9372
SIM|SIM|NÃO|SIM|291
SIM|NÃO|NÃO|SIM|7757
NÃO|NÃO|NÃO|NÃO|5958
SIM|SIM|NÃO|SIM|4729
NÃO|NÃO|NÃO|NÃO|1772
SIM|SIM|NÃO|SIM|7329
SIM|SIM|NÃO|SIM|4292
SIM|SIM|NÃO|SIM|4370
SIM|SIM|NÃO|SIM|4267
SIM|NÃO|NÃO|SIM|9001
SIM|SIM|NÃO|SIM|5932
SIM|SIM|NÃO|SIM|5228
SIM|NÃO|NÃO|SIM|5969
NÃO|NÃO|NÃO|NÃO|2260
NÃO|NÃO|NÃO|NÃO|170
NÃO|NÃO|NÃO|NÃO|173
NÃO|NÃO|NÃO|NÃO|2052
SIM|SIM|SIM|SIM|3095
NÃO|NÃO|NÃO|NÃO|9408
SIM|NÃO|NÃO|SIM|6099
SIM|SIM|NÃO|SIM|2475
SIM|NÃO|NÃO|SIM|326
SIM|SIM|NÃO|SIM|4037
NÃO|NÃO|NÃO|NÃO|9947
SIM|SIM|NÃO|SIM|1704
SIM|NÃO|NÃO|SIM|4017
NÃO|NÃO|NÃO|NÃO|9283
SIM|SIM|NÃO|SIM|5240
SIM|SIM|SIM|SIM|2135
SIM|NÃO|NÃO|SIM|2183
SIM|NÃO|NÃO|SIM|3966
NÃO|NÃO|NÃO|NÃO|5913
SIM|SIM|NÃO|SIM|4904
NÃO|NÃO|NÃO|NÃO|1972
SIM|SIM|NÃO|SIM|3970
NÃO|NÃO|NÃO|NÃO|2938
NÃO|NÃO|NÃO|NÃO|5288
SIM|SIM|NÃO|SIM|453
SIM|SIM|NÃO|SIM|1983
SIM|NÃO|NÃO|SIM|2975
NÃO|NÃO|NÃO|NÃO|6078
SIM|NÃO|NÃO|SIM|6521
SIM|NÃO|NÃO|SIM|5960
SIM|SIM|NÃO|SIM|5013
SIM|NÃO|NÃO|SIM|3801
NÃO|NÃO|NÃO|NÃO|2153
NÃO|NÃO|NÃO|NÃO|3222
NÃO|NÃO|NÃO|NÃO|5678
SIM|NÃO|NÃO|SIM|6530
NÃO|NÃO|NÃO|NÃO|2101
NÃO|NÃO|NÃO|NÃO|6459
NÃO|NÃO|NÃO|NÃO|497
NÃO|NÃO|NÃO|NÃO|7358
SIM|NÃO|NÃO|SIM|500
SIM|NÃO|NÃO|SIM|504
SIM|NÃO|NÃO|SIM|7873
NÃO|NÃO|NÃO|NÃO|5012
SIM|NÃO|NÃO|SIM|5428
SIM|SIM|SIM|SIM|1920
SIM|SIM|SIM|SIM|5431
NÃO|NÃO|NÃO|NÃO|8799
SIM|SIM|NÃO|SIM|1784
SIM|NÃO|NÃO|SIM|4938
SIM|SIM|NÃO|SIM|5213
SIM|NÃO|NÃO|SIM|609
SIM|NÃO|NÃO|SIM|8951
SIM|SIM|SIM|SIM|6791
SIM|NÃO|NÃO|SIM|3964
NÃO|NÃO|NÃO|NÃO|7580
SIM|NÃO|NÃO|SIM|8819
SIM|SIM|SIM|SIM|630
NÃO|NÃO|NÃO|NÃO|631
SIM|SIM|NÃO|SIM|7274
SIM|SIM|SIM|SIM|2840
SIM|SIM|SIM|SIM|4753
SIM|SIM|SIM|SIM|1049
NÃO|NÃO|NÃO|NÃO|4829
SIM|NÃO|NÃO|SIM|647
NÃO|NÃO|NÃO|NÃO|2148
NÃO|NÃO|NÃO|NÃO|3527
SIM|NÃO|NÃO|SIM|5109
NÃO|NÃO|NÃO|NÃO|2887
SIM|SIM|SIM|SIM|840
SIM|SIM|SIM|SIM|4422
NÃO|NÃO|NÃO|NÃO|3217
SIM|SIM|NÃO|SIM|4113
SIM|NÃO|NÃO|SIM|2772
SIM|SIM|SIM|SIM|2675
SIM|NÃO|NÃO|SIM|669
SIM|SIM|NÃO|SIM|4376
NÃO|NÃO|NÃO|NÃO|9988
SIM|SIM|NÃO|SIM|94
SIM|SIM|NÃO|SIM|5470
SIM|NÃO|NÃO|SIM|2671
NÃO|NÃO|NÃO|NÃO|6488
SIM|NÃO|NÃO|SIM|689
SIM|SIM|NÃO|SIM|4800
SIM|SIM|NÃO|SIM|1561
SIM|NÃO|NÃO|SIM|758
SIM|NÃO|NÃO|SIM|2631
SIM|NÃO|NÃO|SIM|5570
NÃO|NÃO|NÃO|NÃO|4420
NÃO|NÃO|NÃO|NÃO|2053
SIM|NÃO|NÃO|SIM|2617
NÃO|NÃO|NÃO|NÃO|960
SIM|NÃO|NÃO|SIM|7124
SIM|SIM|NÃO|SIM|808
SIM|SIM|NÃO|SIM|7963
SIM|SIM|NÃO|SIM|2352
NÃO|NÃO|NÃO|NÃO|5135
SIM|SIM|NÃO|SIM|4237
NÃO|NÃO|NÃO|NÃO|3073
NÃO|NÃO|NÃO|NÃO|5597
SIM|SIM|NÃO|SIM|10004
SIM|NÃO|NÃO|SIM|1636
SIM|SIM|NÃO|SIM|2161
SIM|NÃO|NÃO|SIM|4778
NÃO|NÃO|NÃO|NÃO|5111
SIM|SIM|SIM|SIM|2136
SIM|NÃO|NÃO|SIM|4568
NÃO|NÃO|NÃO|NÃO|3152
NÃO|NÃO|NÃO|NÃO|2865
NÃO|NÃO|NÃO|NÃO|3861
NÃO|NÃO|NÃO|NÃO|3862
NÃO|NÃO|NÃO|NÃO|3214
SIM|NÃO|NÃO|SIM|5963
SIM|SIM|NÃO|SIM|3582
SIM|SIM|NÃO|SIM|5094
SIM|NÃO|NÃO|SIM|4101
SIM|NÃO|NÃO|SIM|1015
SIM|NÃO|NÃO|SIM|842
SIM|NÃO|NÃO|SIM|5992
SIM|SIM|SIM|SIM|3876
NÃO|NÃO|NÃO|NÃO|3002
SIM|NÃO|NÃO|SIM|9920
SIM|SIM|NÃO|SIM|4234
SIM|SIM|SIM|SIM|2142
SIM|NÃO|NÃO|SIM|2070
NÃO|NÃO|NÃO|NÃO|5341
NÃO|NÃO|NÃO|NÃO|4244
SIM|NÃO|NÃO|SIM|4301
SIM|SIM|NÃO|SIM|6612
SIM|SIM|NÃO|SIM|1759
NÃO|NÃO|NÃO|NÃO|2054
SIM|NÃO|NÃO|SIM|1205
SIM|NÃO|NÃO|SIM|2484
SIM|NÃO|NÃO|SIM|6014
SIM|SIM|NÃO|SIM|4555
NÃO|NÃO|NÃO|NÃO|6931
SIM|SIM|NÃO|SIM|4338
SIM|SIM|SIM|SIM|1870
SIM|NÃO|NÃO|SIM|5544
NÃO|NÃO|NÃO|NÃO|2395
SIM|SIM|SIM|SIM|2493
SIM|SIM|NÃO|SIM|6578
SIM|SIM|NÃO|SIM|7441
SIM|SIM|NÃO|SIM|9057
SIM|NÃO|NÃO|SIM|4677
NÃO|NÃO|NÃO|NÃO|9976
SIM|NÃO|NÃO|SIM|1648
SIM|SIM|NÃO|SIM|8127
SIM|NÃO|NÃO|SIM|2577
NÃO|NÃO|NÃO|NÃO|1251
SIM|SIM|SIM|SIM|2309
SIM|SIM|NÃO|SIM|5861
SIM|NÃO|NÃO|SIM|1260
SIM|NÃO|NÃO|SIM|1262
NÃO|NÃO|NÃO|NÃO|8800
SIM|SIM|NÃO|SIM|2506
SIM|SIM|NÃO|SIM|2960
SIM|SIM|NÃO|SIM|6000
SIM|NÃO|NÃO|SIM|9921
SIM|SIM|NÃO|SIM|4586
NÃO|NÃO|NÃO|NÃO|2314
SIM|NÃO|NÃO|SIM|1412
SIM|SIM|NÃO|SIM|10005
SIM|SIM|NÃO|SIM|6436
SIM|SIM|NÃO|SIM|3910
SIM|NÃO|NÃO|SIM|5454
NÃO|NÃO|NÃO|NÃO|8801
SIM|SIM|NÃO|SIM|2237
NÃO|NÃO|NÃO|NÃO|1468
SIM|SIM|NÃO|SIM|2784
NÃO|NÃO|NÃO|NÃO|2156
SIM|NÃO|NÃO|SIM|5952
SIM|NÃO|NÃO|SIM|5585
SIM|SIM|NÃO|SIM|4820
NÃO|NÃO|NÃO|NÃO|1544
SIM|SIM|NÃO|SIM|4276
NÃO|NÃO|NÃO|NÃO|6937
SIM|SIM|SIM|SIM|6790
SIM|NÃO|NÃO|SIM|29
SIM|SIM|NÃO|SIM|8923
SIM|NÃO|NÃO|SIM|8948
SIM|NÃO|NÃO|SIM|8940
SIM|NÃO|NÃO|SIM|6618
NÃO|NÃO|NÃO|NÃO|8313
SIM|NÃO|NÃO|SIM|1409
SIM|NÃO|NÃO|SIM|6233
NÃO|NÃO|NÃO|NÃO|138
SIM|NÃO|NÃO|SIM|9687
SIM|SIM|NÃO|SIM|9693
SIM|NÃO|NÃO|SIM|8950
NÃO|NÃO|NÃO|NÃO|2791
SIM|NÃO|NÃO|SIM|4686
SIM|NÃO|NÃO|SIM|534
SIM|NÃO|NÃO|SIM|3571
SIM|SIM|SIM|SIM|2354
SIM|NÃO|NÃO|SIM|1979
SIM|SIM|NÃO|SIM|312
SIM|SIM|SIM|SIM|2272
SIM|NÃO|NÃO|SIM|319
SIM|NÃO|NÃO|SIM|1605
SIM|NÃO|NÃO|SIM|5334
NÃO|NÃO|NÃO|NÃO|2128
SIM|SIM|SIM|SIM|754
SIM|SIM|SIM|SIM|1446
SIM|SIM|NÃO|SIM|8918
SIM|NÃO|NÃO|SIM|9496
SIM|SIM|SIM|SIM|459
SIM|SIM|SIM|SIM|7465
SIM|NÃO|NÃO|SIM|7834
SIM|NÃO|NÃO|SIM|5211
SIM|SIM|SIM|SIM|400
SIM|SIM|NÃO|SIM|9973
SIM|SIM|SIM|SIM|5208
SIM|NÃO|NÃO|SIM|3923
SIM|NÃO|NÃO|SIM|7599
SIM|NÃO|NÃO|SIM|3346
SIM|SIM|NÃO|SIM|3755
NÃO|NÃO|NÃO|NÃO|8159
SIM|NÃO|NÃO|SIM|1483
SIM|SIM|NÃO|SIM|2081
SIM|SIM|NÃO|SIM|2473
SIM|SIM|NÃO|SIM|6480
SIM|SIM|NÃO|SIM|5040
SIM|NÃO|NÃO|SIM|5264
SIM|NÃO|NÃO|SIM|4471
NÃO|NÃO|NÃO|NÃO|473
SIM|SIM|NÃO|SIM|1943
SIM|NÃO|NÃO|SIM|4449
SIM|NÃO|NÃO|SIM|5524
SIM|SIM|NÃO|SIM|1064
SIM|NÃO|NÃO|SIM|9835
SIM|NÃO|NÃO|SIM|9059
SIM|NÃO|NÃO|SIM|508
SIM|NÃO|NÃO|SIM|6608
SIM|SIM|NÃO|SIM|2202
SIM|NÃO|NÃO|SIM|4493
SIM|SIM|NÃO|SIM|9642
SIM|NÃO|NÃO|SIM|8952
SIM|SIM|SIM|SIM|6188
SIM|NÃO|NÃO|SIM|548
NÃO|NÃO|NÃO|NÃO|6044
SIM|SIM|NÃO|SIM|8917
SIM|NÃO|NÃO|SIM|9127
SIM|NÃO|NÃO|SIM|9044
NÃO|NÃO|NÃO|NÃO|607
NÃO|NÃO|NÃO|NÃO|6806
SIM|NÃO|NÃO|SIM|1528
SIM|SIM|SIM|SIM|2760
SIM|NÃO|NÃO|SIM|3593
SIM|NÃO|NÃO|SIM|381
SIM|SIM|SIM|SIM|9414
SIM|NÃO|NÃO|SIM|8718
SIM|NÃO|NÃO|SIM|9392
SIM|SIM|NÃO|SIM|5064
SIM|NÃO|NÃO|SIM|3659
SIM|NÃO|NÃO|SIM|5970
SIM|SIM|SIM|SIM|2797
SIM|SIM|SIM|SIM|638
SIM|SIM|NÃO|SIM|6308
SIM|NÃO|NÃO|SIM|8936
SIM|NÃO|NÃO|SIM|9925
SIM|SIM|SIM|SIM|9697
SIM|NÃO|NÃO|SIM|9415
SIM|SIM|NÃO|SIM|9643
SIM|SIM|SIM|SIM|3616
SIM|NÃO|NÃO|SIM|8957
SIM|NÃO|NÃO|SIM|8109
SIM|SIM|SIM|SIM|2008
SIM|SIM|NÃO|SIM|2686
SIM|NÃO|NÃO|SIM|8106
SIM|SIM|SIM|SIM|7575
SIM|NÃO|NÃO|SIM|4784
SIM|NÃO|NÃO|SIM|4492
SIM|NÃO|NÃO|SIM|8706
SIM|SIM|NÃO|SIM|8134
NÃO|NÃO|NÃO|NÃO|6670
NÃO|NÃO|NÃO|NÃO|924
SIM|NÃO|NÃO|SIM|1500
SIM|NÃO|NÃO|SIM|5010
NÃO|NÃO|NÃO|NÃO|5267
SIM|SIM|SIM|SIM|3360
SIM|NÃO|NÃO|SIM|3847
SIM|NÃO|NÃO|SIM|8949
NÃO|NÃO|NÃO|NÃO|666
SIM|SIM|NÃO|SIM|8939
SIM|NÃO|NÃO|SIM|5205
SIM|SIM|SIM|SIM|685
SIM|NÃO|NÃO|SIM|834
SIM|SIM|SIM|SIM|724
SIM|SIM|NÃO|SIM|9937
SIM|NÃO|NÃO|SIM|8210
SIM|SIM|NÃO|SIM|3698
NÃO|NÃO|NÃO|NÃO|6747
SIM|SIM|NÃO|SIM|9395
SIM|NÃO|NÃO|SIM|8389
SIM|NÃO|NÃO|SIM|594
NÃO|NÃO|NÃO|NÃO|1344
NÃO|NÃO|NÃO|NÃO|791
SIM|SIM|NÃO|SIM|9938
SIM|NÃO|NÃO|SIM|5640
SIM|NÃO|NÃO|SIM|5569
SIM|SIM|SIM|SIM|5695
SIM|SIM|NÃO|SIM|2980
SIM|SIM|NÃO|SIM|2152
SIM|NÃO|NÃO|SIM|7354
SIM|NÃO|NÃO|SIM|8202
SIM|NÃO|NÃO|SIM|7850
SIM|NÃO|NÃO|SIM|7900
SIM|SIM|NÃO|SIM|8926
SIM|SIM|NÃO|SIM|1111
NÃO|NÃO|NÃO|NÃO|9644
SIM|SIM|SIM|SIM|2684
SIM|SIM|NÃO|SIM|719
SIM|NÃO|NÃO|SIM|8419
SIM|SIM|NÃO|SIM|9239
SIM|NÃO|NÃO|SIM|9476
SIM|NÃO|NÃO|SIM|3223
SIM|NÃO|NÃO|SIM|8297
SIM|NÃO|NÃO|SIM|852
SIM|SIM|NÃO|SIM|8916
SIM|SIM|SIM|SIM|1143
SIM|SIM|NÃO|SIM|7572
SIM|NÃO|NÃO|SIM|971
SIM|SIM|NÃO|SIM|8956
SIM|NÃO|NÃO|SIM|1343
SIM|SIM|SIM|SIM|2689
SIM|SIM|SIM|SIM|1683
SIM|SIM|SIM|SIM|9306
SIM|SIM|NÃO|SIM|5810
SIM|SIM|NÃO|SIM|9168
NÃO|NÃO|NÃO|NÃO|1431
SIM|NÃO|NÃO|SIM|999
SIM|SIM|SIM|SIM|6553
NÃO|NÃO|NÃO|NÃO|9086
SIM|NÃO|NÃO|SIM|1071
NÃO|NÃO|NÃO|NÃO|1078
NÃO|NÃO|NÃO|NÃO|1081
SIM|NÃO|NÃO|SIM|1084
NÃO|NÃO|NÃO|NÃO|1094
SIM|SIM|NÃO|SIM|6059
NÃO|NÃO|NÃO|NÃO|6700
NÃO|NÃO|NÃO|NÃO|4289
SIM|NÃO|NÃO|SIM|6797
SIM|NÃO|NÃO|SIM|7484
SIM|SIM|NÃO|SIM|1026
SIM|NÃO|NÃO|SIM|4902
SIM|NÃO|NÃO|SIM|8903
SIM|NÃO|NÃO|SIM|946
SIM|NÃO|NÃO|SIM|5043
SIM|NÃO|NÃO|SIM|953
SIM|NÃO|NÃO|SIM|4982
SIM|NÃO|NÃO|SIM|9948
SIM|SIM|NÃO|SIM|6083
SIM|SIM|SIM|SIM|2238
NÃO|NÃO|NÃO|NÃO|1101
SIM|SIM|SIM|SIM|1167
SIM|SIM|SIM|SIM|1183
SIM|SIM|SIM|SIM|1314
SIM|NÃO|NÃO|SIM|3548
SIM|SIM|SIM|SIM|1105
SIM|NÃO|NÃO|SIM|6704
SIM|NÃO|NÃO|SIM|3232
SIM|SIM|NÃO|SIM|2350
SIM|NÃO|NÃO|SIM|3789
SIM|NÃO|NÃO|SIM|1151
NÃO|NÃO|NÃO|NÃO|1180
NÃO|NÃO|NÃO|NÃO|8661
NÃO|NÃO|NÃO|NÃO|5405
NÃO|NÃO|NÃO|NÃO|5641
SIM|SIM|NÃO|SIM|3110
SIM|SIM|SIM|SIM|9640
SIM|NÃO|NÃO|SIM|7838
SIM|NÃO|NÃO|SIM|6882
SIM|NÃO|NÃO|SIM|2959
SIM|NÃO|NÃO|SIM|5313
SIM|NÃO|NÃO|SIM|9324
SIM|SIM|NÃO|SIM|3881
NÃO|NÃO|NÃO|NÃO|6438
SIM|SIM|NÃO|SIM|1941
SIM|NÃO|NÃO|SIM|4188
SIM|SIM|SIM|SIM|5155
SIM|NÃO|NÃO|SIM|8750
SIM|NÃO|NÃO|SIM|1228
SIM|NÃO|NÃO|SIM|8280
SIM|SIM|SIM|SIM|3900
SIM|NÃO|NÃO|SIM|1252
SIM|NÃO|NÃO|SIM|8947
SIM|SIM|SIM|SIM|2279
SIM|SIM|SIM|SIM|1259
SIM|SIM|SIM|SIM|6038
SIM|NÃO|NÃO|SIM|8561
SIM|SIM|SIM|SIM|6363
SIM|SIM|NÃO|SIM|7851
SIM|SIM|SIM|SIM|1309
SIM|SIM|NÃO|SIM|5440
SIM|SIM|NÃO|SIM|6839
SIM|SIM|SIM|SIM|5147
SIM|NÃO|NÃO|SIM|10040
SIM|NÃO|NÃO|SIM|6838
SIM|NÃO|NÃO|SIM|1406
SIM|NÃO|NÃO|SIM|9790
SIM|SIM|SIM|SIM|6913
SIM|NÃO|NÃO|SIM|8609
NÃO|NÃO|NÃO|NÃO|7974
SIM|SIM|NÃO|SIM|7999
SIM|SIM|SIM|SIM|1450
SIM|NÃO|NÃO|SIM|385
SIM|NÃO|NÃO|SIM|982
SIM|NÃO|NÃO|SIM|9262
SIM|SIM|NÃO|SIM|8937
SIM|SIM|SIM|SIM|6378
SIM|SIM|SIM|SIM|6490
SIM|NÃO|NÃO|SIM|4470
SIM|SIM|NÃO|SIM|2668
SIM|SIM|SIM|SIM|325
SIM|SIM|NÃO|SIM|3906
SIM|NÃO|NÃO|SIM|6703
SIM|NÃO|NÃO|SIM|315
SIM|SIM|NÃO|SIM|8123
NÃO|NÃO|NÃO|NÃO|6532
SIM|SIM|SIM|SIM|4870
SIM|SIM|SIM|SIM|5229
SIM|NÃO|NÃO|SIM|8881
SIM|SIM|NÃO|SIM|2550
SIM|SIM|SIM|SIM|35
NÃO|NÃO|NÃO|NÃO|1807
NÃO|NÃO|NÃO|NÃO|4025
NÃO|NÃO|NÃO|NÃO|8858
SIM|SIM|SIM|SIM|7694
SIM|SIM|SIM|SIM|9055
SIM|SIM|SIM|SIM|5565
SIM|SIM|SIM|SIM|6238
SIM|NÃO|NÃO|SIM|8244
SIM|SIM|NÃO|SIM|4179
SIM|SIM|NÃO|SIM|492
SIM|SIM|NÃO|SIM|4494
SIM|NÃO|NÃO|SIM|882
SIM|NÃO|NÃO|SIM|1247
SIM|NÃO|NÃO|SIM|1299
SIM|NÃO|NÃO|SIM|9080
SIM|SIM|NÃO|SIM|1420
SIM|SIM|SIM|SIM|1418
SIM|SIM|SIM|SIM|8699
SIM|SIM|SIM|SIM|5151
SIM|SIM|NÃO|SIM|4901
SIM|SIM|SIM|SIM|6444
SIM|SIM|SIM|SIM|6196
SIM|NÃO|NÃO|SIM|8292
NÃO|NÃO|NÃO|NÃO|8634
SIM|SIM|SIM|SIM|1474
NÃO|NÃO|NÃO|NÃO|3099
SIM|SIM|SIM|SIM|437
SIM|SIM|SIM|SIM|3075
SIM|SIM|SIM|SIM|354
SIM|SIM|SIM|SIM|2168
SIM|SIM|NÃO|SIM|8117
SIM|SIM|SIM|SIM|1171
SIM|SIM|NÃO|SIM|8233
SIM|NÃO|NÃO|SIM|3293
SIM|SIM|SIM|SIM|3103
SIM|NÃO|NÃO|SIM|7217
SIM|SIM|SIM|SIM|2481
SIM|SIM|SIM|SIM|2890
SIM|SIM|SIM|SIM|2247
NÃO|NÃO|NÃO|NÃO|5697
SIM|SIM|SIM|SIM|2559
SIM|SIM|SIM|SIM|6258
SIM|SIM|SIM|SIM|2933
SIM|SIM|SIM|SIM|2227
SIM|SIM|SIM|SIM|7714
SIM|SIM|SIM|SIM|4378
NÃO|NÃO|NÃO|NÃO|1208
SIM|SIM|SIM|SIM|8034
SIM|NÃO|NÃO|SIM|3675
SIM|SIM|NÃO|SIM|2012
SIM|SIM|SIM|SIM|7670
SIM|SIM|SIM|SIM|4348
SIM|NÃO|NÃO|SIM|117
SIM|SIM|SIM|SIM|2730
SIM|SIM|SIM|SIM|2240
SIM|SIM|SIM|SIM|4312
SIM|SIM|SIM|SIM|2010
SIM|SIM|SIM|SIM|3641
SIM|SIM|NÃO|SIM|3400
SIM|SIM|SIM|SIM|9085
SIM|NÃO|NÃO|SIM|5748
SIM|SIM|SIM|SIM|4319
SIM|SIM|NÃO|SIM|2117
SIM|SIM|SIM|SIM|2134
NÃO|NÃO|NÃO|NÃO|4875
SIM|SIM|SIM|SIM|1836
SIM|NÃO|NÃO|SIM|1301
SIM|NÃO|NÃO|SIM|9864
SIM|NÃO|NÃO|SIM|43
SIM|NÃO|NÃO|SIM|9928
SIM|SIM|NÃO|SIM|2320
SIM|SIM|NÃO|SIM|3912
SIM|SIM|NÃO|SIM|2426
SIM|SIM|NÃO|SIM|2375
SIM|SIM|SIM|SIM|5262
SIM|NÃO|NÃO|SIM|860
SIM|SIM|SIM|SIM|6226
SIM|SIM|NÃO|SIM|4329
SIM|SIM|SIM|SIM|5972
SIM|SIM|NÃO|SIM|5471
SIM|SIM|SIM|SIM|4446
SIM|NÃO|NÃO|SIM|4092
SIM|SIM|SIM|SIM|1705
SIM|SIM|SIM|SIM|8166
SIM|SIM|SIM|SIM|9199
SIM|SIM|SIM|SIM|5661
SIM|SIM|SIM|SIM|8220
SIM|SIM|NÃO|SIM|1845
SIM|NÃO|NÃO|SIM|8630
SIM|SIM|NÃO|SIM|8638
SIM|SIM|SIM|SIM|3931
NÃO|NÃO|NÃO|NÃO|6495
SIM|NÃO|NÃO|SIM|6318
SIM|SIM|SIM|SIM|5164
SIM|SIM|NÃO|SIM|616
SIM|SIM|NÃO|SIM|4310
SIM|NÃO|NÃO|SIM|8041
SIM|NÃO|NÃO|SIM|3674
SIM|NÃO|NÃO|SIM|1675
SIM|SIM|SIM|SIM|1598
NÃO|NÃO|NÃO|NÃO|8989
SIM|SIM|SIM|SIM|3302
SIM|SIM|NÃO|SIM|3890
SIM|SIM|SIM|SIM|9883
SIM|SIM|SIM|SIM|1515
SIM|SIM|SIM|SIM|9103
SIM|SIM|SIM|SIM|2068
SIM|SIM|NÃO|SIM|1655
SIM|NÃO|NÃO|SIM|1041
NÃO|NÃO|NÃO|NÃO|5746
NÃO|NÃO|NÃO|NÃO|3612
SIM|NÃO|NÃO|SIM|3147
SIM|SIM|NÃO|SIM|8816
SIM|SIM|SIM|SIM|5219
SIM|SIM|SIM|SIM|7453
SIM|NÃO|NÃO|SIM|3767
SIM|SIM|SIM|SIM|2574
NÃO|NÃO|NÃO|NÃO|9892
SIM|SIM|NÃO|SIM|2343
SIM|SIM|SIM|SIM|5022
SIM|NÃO|NÃO|SIM|5371
NÃO|NÃO|NÃO|NÃO|1341
SIM|SIM|SIM|SIM|5731
SIM|SIM|SIM|SIM|2750
SIM|SIM|SIM|SIM|7906
SIM|SIM|NÃO|SIM|4701
SIM|SIM|SIM|SIM|3783
SIM|SIM|NÃO|SIM|2656
SIM|SIM|NÃO|SIM|4178
SIM|NÃO|NÃO|SIM|5411
SIM|SIM|NÃO|SIM|4534
SIM|NÃO|NÃO|SIM|6323
NÃO|NÃO|NÃO|NÃO|3926
NÃO|NÃO|NÃO|NÃO|4631
SIM|NÃO|NÃO|SIM|790
SIM|SIM|SIM|SIM|8673
SIM|NÃO|NÃO|SIM|5971
SIM|NÃO|NÃO|SIM|8636
NÃO|NÃO|NÃO|NÃO|6191
SIM|NÃO|NÃO|SIM|7083
SIM|NÃO|NÃO|SIM|3383
SIM|NÃO|NÃO|SIM|5993
SIM|NÃO|NÃO|SIM|9145
SIM|NÃO|NÃO|SIM|828
SIM|SIM|SIM|SIM|1031
SIM|NÃO|NÃO|SIM|36
SIM|SIM|SIM|SIM|4548
SIM|NÃO|NÃO|SIM|3734
SIM|NÃO|NÃO|SIM|8635
SIM|SIM|SIM|SIM|4353
SIM|SIM|SIM|SIM|5031
SIM|SIM|SIM|SIM|5551
SIM|NÃO|NÃO|SIM|9200
SIM|SIM|SIM|SIM|6331
SIM|SIM|SIM|SIM|8705
SIM|NÃO|NÃO|SIM|3733
SIM|SIM|SIM|SIM|2892
SIM|SIM|NÃO|SIM|7720
SIM|SIM|SIM|SIM|4427
SIM|SIM|SIM|SIM|4290
SIM|SIM|SIM|SIM|635
NÃO|NÃO|NÃO|NÃO|7591
SIM|SIM|SIM|SIM|5372
SIM|NÃO|NÃO|SIM|4708
SIM|SIM|NÃO|SIM|1846
SIM|NÃO|NÃO|SIM|1939
SIM|SIM|NÃO|SIM|449
SIM|SIM|SIM|SIM|2385
SIM|SIM|SIM|SIM|2844
SIM|SIM|SIM|SIM|4780
SIM|SIM|SIM|SIM|464
SIM|NÃO|NÃO|SIM|5875
SIM|SIM|SIM|SIM|1947
SIM|SIM|SIM|SIM|1690
SIM|SIM|SIM|SIM|8214
SIM|SIM|SIM|SIM|2528
SIM|NÃO|NÃO|SIM|4049
SIM|SIM|NÃO|SIM|1968
SIM|SIM|NÃO|SIM|1948
SIM|NÃO|NÃO|SIM|3003
SIM|NÃO|NÃO|SIM|5281
SIM|NÃO|NÃO|SIM|3230
SIM|SIM|SIM|SIM|8408
SIM|NÃO|NÃO|SIM|5920
SIM|SIM|SIM|SIM|477
SIM|SIM|SIM|SIM|487
SIM|NÃO|NÃO|SIM|8558
NÃO|NÃO|NÃO|NÃO|5629
NÃO|NÃO|NÃO|NÃO|1496
SIM|SIM|NÃO|SIM|8662
SIM|NÃO|NÃO|SIM|4417
SIM|NÃO|NÃO|SIM|8424
SIM|SIM|NÃO|SIM|8906
SIM|NÃO|NÃO|SIM|1622
NÃO|NÃO|NÃO|NÃO|1893
SIM|SIM|SIM|SIM|2435
SIM|SIM|NÃO|SIM|1848
SIM|SIM|SIM|SIM|7276
SIM|SIM|SIM|SIM|6848
SIM|SIM|SIM|SIM|2534
SIM|NÃO|NÃO|SIM|5150
SIM|SIM|NÃO|SIM|171
SIM|SIM|NÃO|SIM|5227
SIM|SIM|SIM|SIM|4275
SIM|SIM|SIM|SIM|9035
SIM|SIM|SIM|SIM|1872
SIM|NÃO|NÃO|SIM|1124
NÃO|NÃO|NÃO|NÃO|582
NÃO|NÃO|NÃO|NÃO|7046
SIM|SIM|SIM|SIM|5988
SIM|NÃO|NÃO|SIM|8620
SIM|SIM|SIM|SIM|9126
NÃO|NÃO|NÃO|NÃO|9258
SIM|SIM|SIM|SIM|6357
NÃO|NÃO|NÃO|NÃO|1511
SIM|NÃO|NÃO|SIM|8303
SIM|SIM|SIM|SIM|8503
SIM|SIM|NÃO|SIM|2526
SIM|SIM|SIM|SIM|1540
SIM|SIM|SIM|SIM|6237
SIM|NÃO|NÃO|SIM|5942
SIM|SIM|NÃO|SIM|5729
NÃO|NÃO|NÃO|NÃO|2681
NÃO|NÃO|NÃO|NÃO|7871
SIM|SIM|SIM|SIM|757
SIM|SIM|SIM|SIM|4956
SIM|SIM|SIM|SIM|2761
SIM|SIM|SIM|SIM|4220
SIM|SIM|SIM|SIM|5662
SIM|SIM|SIM|NÃO|4520
SIM|SIM|NÃO|NÃO|6047
SIM|SIM|NÃO|NÃO|7543
SIM|SIM|SIM|NÃO|2818
SIM|SIM|NÃO|NÃO|6881
SIM|SIM|SIM|NÃO|7173
SIM|SIM|NÃO|NÃO|1207
SIM|SIM|NÃO|NÃO|8569
SIM|SIM|SIM|NÃO|3950
SIM|SIM|SIM|NÃO|5774
SIM|SIM|NÃO|NÃO|6247
SIM|SIM|NÃO|NÃO|3472
SIM|SIM|NÃO|NÃO|6983
SIM|SIM|NÃO|NÃO|7581
SIM|SIM|NÃO|NÃO|2739
SIM|SIM|NÃO|NÃO|7517
SIM|SIM|SIM|NÃO|6393
SIM|SIM|SIM|NÃO|3827
SIM|SIM|NÃO|NÃO|5359
SIM|SIM|SIM|NÃO|9413
SIM|SIM|SIM|NÃO|4642
SIM|SIM|NÃO|NÃO|1711
SIM|SIM|SIM|NÃO|3138
SIM|SIM|SIM|NÃO|2888
SIM|SIM|NÃO|NÃO|3617
SIM|SIM|NÃO|NÃO|5220
SIM|SIM|SIM|NÃO|2905
SIM|SIM|SIM|NÃO|3192
SIM|SIM|NÃO|NÃO|2906
SIM|SIM|SIM|NÃO|8249
SIM|SIM|NÃO|NÃO|6982
SIM|SIM|SIM|NÃO|457
SIM|SIM|SIM|NÃO|4501
SIM|SIM|NÃO|NÃO|7941
SIM|SIM|NÃO|NÃO|2286
SIM|SIM|SIM|NÃO|7745
SIM|SIM|SIM|NÃO|7032
SIM|SIM|SIM|NÃO|3205
SIM|SIM|SIM|NÃO|3041
SIM|SIM|NÃO|NÃO|4196
SIM|SIM|SIM|NÃO|6481
SIM|SIM|NÃO|NÃO|4175
SIM|SIM|NÃO|NÃO|6788
SIM|SIM|NÃO|NÃO|2946
SIM|SIM|NÃO|NÃO|458
SIM|SIM|SIM|NÃO|851
SIM|SIM|NÃO|NÃO|7903
SIM|SIM|NÃO|NÃO|4008
SIM|SIM|NÃO|NÃO|1493
SIM|SIM|SIM|NÃO|5924
SIM|SIM|SIM|NÃO|2836
SIM|SIM|SIM|NÃO|847
SIM|SIM|NÃO|NÃO|7291
SIM|SIM|SIM|NÃO|4788
SIM|SIM|SIM|NÃO|4813
SIM|SIM|NÃO|NÃO|4167
SIM|SIM|NÃO|NÃO|2838
SIM|SIM|NÃO|NÃO|2093
SIM|SIM|NÃO|NÃO|2624
SIM|SIM|NÃO|NÃO|5455
SIM|SIM|NÃO|NÃO|4502
SIM|SIM|SIM|NÃO|7047
SIM|SIM|SIM|NÃO|7298
SIM|SIM|NÃO|NÃO|5002
SIM|SIM|SIM|NÃO|7598
SIM|SIM|NÃO|NÃO|6239
SIM|SIM|NÃO|NÃO|5067
SIM|SIM|SIM|NÃO|4721
SIM|SIM|NÃO|NÃO|6609
SIM|SIM|SIM|NÃO|2634
SIM|SIM|NÃO|NÃO|2895
SIM|SIM|SIM|NÃO|3961
SIM|SIM|NÃO|NÃO|3359
SIM|SIM|NÃO|NÃO|7468
SIM|SIM|SIM|NÃO|2908
SIM|SIM|NÃO|NÃO|6462
SIM|SIM|NÃO|NÃO|4249
SIM|SIM|SIM|NÃO|2948
SIM|SIM|SIM|NÃO|2828
SIM|SIM|SIM|NÃO|4385
SIM|SIM|NÃO|NÃO|4499
SIM|SIM|NÃO|NÃO|2144
SIM|SIM|NÃO|NÃO|8521
SIM|SIM|SIM|NÃO|1458
SIM|SIM|NÃO|NÃO|7048
SIM|SIM|SIM|NÃO|470
SIM|SIM|NÃO|NÃO|2244
SIM|SIM|NÃO|NÃO|9182
SIM|SIM|NÃO|NÃO|5563
SIM|SIM|NÃO|NÃO|2616
SIM|SIM|NÃO|NÃO|6606
SIM|SIM|NÃO|NÃO|7574
SIM|SIM|NÃO|NÃO|6467
SIM|SIM|SIM|NÃO|4185
SIM|SIM|SIM|NÃO|6851
SIM|SIM|SIM|NÃO|6298
SIM|SIM|NÃO|NÃO|3930
SIM|SIM|SIM|NÃO|9185
SIM|SIM|SIM|NÃO|8185
SIM|SIM|SIM|NÃO|6153
SIM|SIM|NÃO|NÃO|7840
SIM|SIM|NÃO|NÃO|3011
SIM|SIM|SIM|NÃO|2837
SIM|SIM|NÃO|NÃO|4559
SIM|SIM|NÃO|NÃO|8757
SIM|SIM|SIM|NÃO|3260
SIM|SIM|NÃO|NÃO|1373
SIM|SIM|SIM|NÃO|4130
SIM|SIM|SIM|NÃO|598
SIM|SIM|SIM|NÃO|7084
SIM|SIM|SIM|NÃO|7038
SIM|SIM|SIM|NÃO|8656
SIM|SIM|NÃO|NÃO|2899
SIM|SIM|NÃO|NÃO|2639
SIM|SIM|NÃO|NÃO|8453
SIM|SIM|SIM|NÃO|5997
SIM|SIM|SIM|NÃO|6015
SIM|SIM|SIM|NÃO|5024
SIM|SIM|SIM|NÃO|4217
SIM|SIM|SIM|NÃO|4469
SIM|SIM|NÃO|NÃO|6526
SIM|SIM|NÃO|NÃO|7754
SIM|SIM|NÃO|NÃO|7372
SIM|SIM|SIM|NÃO|6823
SIM|SIM|NÃO|NÃO|1212
SIM|SIM|SIM|NÃO|5955
SIM|SIM|NÃO|NÃO|4585
SIM|SIM|NÃO|NÃO|2725
SIM|SIM|NÃO|NÃO|7602
SIM|SIM|SIM|NÃO|4715
SIM|SIM|SIM|NÃO|2867
SIM|SIM|NÃO|NÃO|2245
SIM|SIM|SIM|NÃO|8194
SIM|SIM|SIM|NÃO|7272
SIM|SIM|NÃO|NÃO|5380
SIM|SIM|NÃO|NÃO|3468
SIM|SIM|SIM|NÃO|5899
SIM|SIM|NÃO|NÃO|2827
SIM|SIM|NÃO|NÃO|3613
SIM|SIM|NÃO|NÃO|9008
SIM|SIM|NÃO|NÃO|4874
SIM|SIM|NÃO|NÃO|7346
SIM|SIM|SIM|NÃO|3936
SIM|SIM|SIM|NÃO|4507
SIM|SIM|SIM|NÃO|6660
SIM|SIM|NÃO|NÃO|150
SIM|SIM|NÃO|NÃO|6815
SIM|SIM|SIM|NÃO|7816
SIM|SIM|SIM|NÃO|9242
SIM|SIM|NÃO|NÃO|3005
SIM|SIM|SIM|NÃO|7665
SIM|SIM|SIM|NÃO|3875
SIM|SIM|SIM|NÃO|590
SIM|SIM|SIM|NÃO|2947
SIM|SIM|NÃO|NÃO|5230
SIM|SIM|SIM|NÃO|3361
SIM|SIM|SIM|NÃO|5163
SIM|SIM|NÃO|NÃO|4518
SIM|SIM|SIM|NÃO|2249
SIM|SIM|SIM|NÃO|7269
SIM|SIM|SIM|NÃO|2823
SIM|SIM|NÃO|SIM|8839
NÃO|NÃO|NÃO|NÃO|1981
SIM|SIM|SIM|SIM|2275
NÃO|NÃO|NÃO|NÃO|5669
SIM|SIM|NÃO|SIM|6016
SIM|SIM|SIM|SIM|3094
SIM|SIM|NÃO|SIM|4497
NÃO|NÃO|NÃO|NÃO|7447
SIM|SIM|NÃO|SIM|7587
SIM|SIM|NÃO|SIM|9649
SIM|SIM|NÃO|SIM|355
SIM|SIM|NÃO|SIM|8870
SIM|SIM|NÃO|SIM|7403
SIM|SIM|NÃO|SIM|7074
SIM|SIM|NÃO|SIM|5509
SIM|SIM|NÃO|SIM|8913
SIM|SIM|NÃO|SIM|7976
SIM|SIM|NÃO|SIM|141
SIM|SIM|NÃO|SIM|3727
SIM|SIM|NÃO|SIM|8941
SIM|SIM|NÃO|SIM|6207
SIM|SIM|NÃO|SIM|1274
SIM|SIM|SIM|SIM|2224
SIM|SIM|SIM|SIM|5976
SIM|SIM|SIM|SIM|7487
SIM|SIM|NÃO|SIM|2339
SIM|SIM|NÃO|SIM|9039
SIM|SIM|NÃO|SIM|1227
SIM|SIM|NÃO|SIM|7010
SIM|SIM|SIM|SIM|2529
SIM|SIM|NÃO|SIM|433
SIM|SIM|NÃO|SIM|1407
SIM|SIM|SIM|SIM|3937
SIM|SIM|NÃO|SIM|1136
SIM|SIM|SIM|SIM|6734
SIM|SIM|NÃO|SIM|7114
SIM|SIM|SIM|SIM|6345
SIM|SIM|NÃO|SIM|2747
SIM|SIM|SIM|SIM|7001
SIM|SIM|NÃO|SIM|9197
SIM|SIM|NÃO|SIM|6455
SIM|SIM|NÃO|SIM|4495
SIM|SIM|SIM|SIM|2468
SIM|SIM|NÃO|SIM|5573
SIM|SIM|NÃO|SIM|2406
SIM|SIM|NÃO|SIM|1417
SIM|SIM|NÃO|SIM|9130
SIM|SIM|NÃO|SIM|5856
SIM|SIM|SIM|SIM|7021
SIM|SIM|NÃO|SIM|6025
SIM|SIM|NÃO|SIM|6856
SIM|SIM|NÃO|SIM|9666
SIM|SIM|SIM|SIM|8035
SIM|SIM|NÃO|SIM|2774
SIM|SIM|SIM|SIM|6218
SIM|SIM|SIM|SIM|4517
SIM|SIM|NÃO|SIM|8395
SIM|SIM|NÃO|SIM|8796
SIM|SIM|NÃO|SIM|4861
NÃO|NÃO|NÃO|NÃO|7827
SIM|SIM|NÃO|SIM|341
SIM|SIM|SIM|SIM|1504
SIM|SIM|SIM|SIM|2505
SIM|SIM|NÃO|SIM|1930
SIM|SIM|SIM|SIM|3759
SIM|SIM|NÃO|SIM|4886
SIM|SIM|SIM|SIM|2288
SIM|SIM|SIM|SIM|8179
SIM|SIM|SIM|SIM|5586
SIM|SIM|NÃO|SIM|3039
SIM|SIM|SIM|SIM|3660
SIM|SIM|NÃO|SIM|2364
SIM|SIM|NÃO|SIM|8571
SIM|SIM|SIM|SIM|1763
SIM|SIM|SIM|SIM|7980
SIM|SIM|NÃO|SIM|6026
SIM|SIM|NÃO|SIM|1708
SIM|SIM|SIM|SIM|7178
SIM|SIM|NÃO|SIM|5938
SIM|SIM|SIM|SIM|5975
SIM|SIM|SIM|SIM|6252
SIM|SIM|NÃO|SIM|9164
SIM|SIM|SIM|SIM|3277
SIM|SIM|SIM|SIM|3236
SIM|SIM|NÃO|SIM|6219
SIM|SIM|SIM|SIM|9463
SIM|SIM|NÃO|SIM|8132
SIM|SIM|NÃO|SIM|2780
SIM|SIM|NÃO|SIM|8510
SIM|SIM|SIM|SIM|5928
SIM|SIM|NÃO|SIM|6150
SIM|SIM|SIM|SIM|2098
SIM|SIM|NÃO|SIM|2429
SIM|SIM|NÃO|SIM|3757
SIM|SIM|NÃO|SIM|1749
SIM|SIM|NÃO|SIM|6225
NÃO|NÃO|NÃO|NÃO|2295
SIM|SIM|NÃO|SIM|45
SIM|SIM|SIM|SIM|5937
SIM|SIM|SIM|SIM|3442
SIM|SIM|NÃO|SIM|600
SIM|SIM|SIM|SIM|8768
SIM|SIM|NÃO|SIM|9426
SIM|SIM|NÃO|SIM|8216
SIM|SIM|NÃO|SIM|919
SIM|SIM|NÃO|SIM|5231
SIM|SIM|NÃO|SIM|7977
SIM|SIM|NÃO|SIM|1897
SIM|SIM|SIM|SIM|2556
SIM|SIM|SIM|SIM|6886
SIM|SIM|NÃO|SIM|7398
SIM|SIM|SIM|SIM|3895
SIM|SIM|SIM|SIM|2345
SIM|SIM|NÃO|SIM|8081
SIM|SIM|NÃO|SIM|3375
SIM|SIM|NÃO|SIM|2387
SIM|SIM|SIM|SIM|6151
SIM|SIM|NÃO|SIM|2109
SIM|SIM|SIM|SIM|8319
SIM|SIM|NÃO|SIM|6275
SIM|SIM|NÃO|SIM|9261
SIM|SIM|SIM|SIM|9723
SIM|SIM|NÃO|SIM|7004
SIM|SIM|NÃO|SIM|8218
SIM|SIM|NÃO|SIM|813
SIM|SIM|SIM|SIM|4830
SIM|SIM|NÃO|SIM|7595
SIM|SIM|NÃO|SIM|2590
SIM|SIM|NÃO|SIM|1783
SIM|SIM|NÃO|SIM|5635
SIM|SIM|SIM|SIM|4252
SIM|SIM|NÃO|SIM|9662
SIM|SIM|NÃO|SIM|5681
SIM|SIM|NÃO|SIM|1134
SIM|SIM|NÃO|SIM|8232
SIM|SIM|SIM|SIM|2954
SIM|SIM|NÃO|SIM|5865
SIM|SIM|NÃO|SIM|4977
SIM|SIM|NÃO|SIM|5603
SIM|SIM|SIM|SIM|8008
SIM|SIM|NÃO|SIM|1258
SIM|SIM|NÃO|SIM|8306
SIM|SIM|SIM|SIM|7961
SIM|SIM|SIM|SIM|2852
NÃO|NÃO|NÃO|NÃO|8551
SIM|SIM|NÃO|SIM|6262
SIM|SIM|SIM|SIM|4345
SIM|SIM|NÃO|SIM|920
SIM|SIM|NÃO|SIM|7979
SIM|SIM|NÃO|SIM|9660
SIM|SIM|NÃO|SIM|9132
SIM|SIM|NÃO|SIM|8363
NÃO|NÃO|NÃO|NÃO|8204
SIM|SIM|SIM|SIM|4015
SIM|SIM|NÃO|SIM|1254
SIM|SIM|SIM|SIM|9241
SIM|SIM|NÃO|SIM|6784
SIM|SIM|SIM|SIM|7364
SIM|SIM|SIM|SIM|9138
SIM|SIM|NÃO|SIM|5933
SIM|SIM|NÃO|SIM|2524
SIM|SIM|NÃO|SIM|2140
SIM|SIM|NÃO|SIM|1050
SIM|SIM|NÃO|SIM|9048
SIM|SIM|NÃO|SIM|8036
SIM|SIM|SIM|SIM|6735
SIM|SIM|NÃO|SIM|1014
SIM|SIM|NÃO|SIM|2466
SIM|SIM|NÃO|SIM|6625
SIM|SIM|NÃO|SIM|2174
SIM|SIM|NÃO|SIM|4254
SIM|SIM|NÃO|SIM|8465
SIM|SIM|NÃO|SIM|1146
SIM|SIM|NÃO|SIM|8048
SIM|SIM|NÃO|SIM|4696
SIM|SIM|NÃO|SIM|820
SIM|SIM|NÃO|SIM|9882
SIM|SIM|NÃO|SIM|6148
SIM|SIM|NÃO|SIM|6997
SIM|SIM|NÃO|SIM|1184
SIM|SIM|SIM|SIM|2628
SIM|SIM|NÃO|SIM|6040
SIM|SIM|NÃO|SIM|7550
SIM|SIM|NÃO|SIM|5897
SIM|SIM|NÃO|SIM|9808
SIM|SIM|NÃO|SIM|1177
SIM|SIM|NÃO|SIM|7448
NÃO|NÃO|NÃO|NÃO|6611
SIM|SIM|SIM|SIM|4235
SIM|SIM|SIM|SIM|6121
SIM|SIM|NÃO|SIM|9699
SIM|SIM|NÃO|SIM|2253
SIM|SIM|NÃO|SIM|7780
SIM|SIM|SIM|SIM|7011
SIM|SIM|SIM|SIM|8052
NÃO|NÃO|NÃO|NÃO|6182
SIM|SIM|NÃO|SIM|5670
SIM|SIM|NÃO|SIM|7311
SIM|SIM|NÃO|SIM|307
SIM|SIM|NÃO|SIM|3389
SIM|SIM|SIM|SIM|2373
SIM|SIM|SIM|SIM|3106
SIM|SIM|NÃO|SIM|5751
SIM|SIM|NÃO|SIM|7983
SIM|SIM|SIM|SIM|8039
SIM|SIM|NÃO|SIM|412
NÃO|NÃO|NÃO|NÃO|1858
SIM|SIM|SIM|SIM|5758
SIM|SIM|NÃO|SIM|6626
NÃO|NÃO|NÃO|NÃO|1698
SIM|SIM|NÃO|SIM|5776
SIM|SIM|SIM|SIM|8478
SIM|SIM|NÃO|SIM|1495
SIM|SIM|SIM|SIM|8463
SIM|SIM|SIM|SIM|2228
SIM|SIM|NÃO|SIM|1570
SIM|SIM|SIM|SIM|2232
SIM|SIM|NÃO|SIM|6610
SIM|SIM|NÃO|SIM|7509
SIM|SIM|NÃO|SIM|2330
SIM|SIM|SIM|SIM|9398
SIM|SIM|NÃO|SIM|5149
SIM|SIM|NÃO|SIM|5619
SIM|SIM|NÃO|SIM|8892
SIM|SIM|SIM|SIM|2555
SIM|SIM|SIM|SIM|1688
SIM|SIM|NÃO|SIM|5700
SIM|SIM|NÃO|SIM|9719
SIM|SIM|SIM|SIM|6423
SIM|SIM|NÃO|SIM|8009
SIM|SIM|NÃO|SIM|3557
SIM|SIM|SIM|SIM|1710
SIM|SIM|NÃO|SIM|5104
SIM|SIM|NÃO|SIM|5533
SIM|SIM|NÃO|SIM|3335
SIM|SIM|NÃO|SIM|7168
SIM|SIM|NÃO|SIM|2248
SIM|SIM|NÃO|SIM|10021
SIM|SIM|NÃO|SIM|6730
SIM|SIM|NÃO|SIM|6041
SIM|SIM|SIM|SIM|5127
SIM|SIM|NÃO|SIM|8593
SIM|SIM|NÃO|SIM|8418
SIM|SIM|NÃO|SIM|4791
SIM|SIM|SIM|SIM|2728
SIM|SIM|NÃO|SIM|4978
SIM|SIM|SIM|SIM|4975
SIM|SIM|NÃO|SIM|4789
SIM|SIM|SIM|SIM|2625
SIM|SIM|SIM|SIM|3427
SIM|SIM|NÃO|SIM|6391
SIM|SIM|SIM|SIM|6314
SIM|SIM|NÃO|SIM|3356
SIM|SIM|NÃO|SIM|6256
SIM|SIM|NÃO|SIM|7349
SIM|SIM|NÃO|SIM|7774
NÃO|NÃO|NÃO|NÃO|8744
SIM|SIM|NÃO|SIM|9805
SIM|SIM|NÃO|SIM|1023
SIM|SIM|NÃO|SIM|5847
SIM|SIM|NÃO|SIM|4496
NÃO|NÃO|NÃO|NÃO|1165
SIM|SIM|SIM|SIM|8349
SIM|SIM|SIM|SIM|2711
SIM|SIM|NÃO|SIM|3100
NÃO|NÃO|NÃO|NÃO|2729
SIM|SIM|SIM|SIM|3739
SIM|SIM|NÃO|SIM|1761
SIM|SIM|NÃO|SIM|8211
SIM|SIM|NÃO|SIM|3368
SIM|SIM|SIM|SIM|2191
SIM|SIM|NÃO|SIM|9029
SIM|SIM|SIM|NÃO|4400
SIM|SIM|SIM|NÃO|3653
SIM|SIM|NÃO|NÃO|9263
SIM|SIM|NÃO|NÃO|1864
SIM|SIM|NÃO|NÃO|6334
NÃO|NÃO|NÃO|NÃO|7807
SIM|SIM|NÃO|NÃO|7505
SIM|SIM|NÃO|NÃO|8899
SIM|SIM|SIM|NÃO|7388
SIM|SIM|NÃO|NÃO|2688
SIM|SIM|SIM|NÃO|2901
SIM|SIM|NÃO|NÃO|815
SIM|SIM|NÃO|NÃO|5982
SIM|SIM|SIM|NÃO|9729
SIM|SIM|NÃO|NÃO|3344
SIM|SIM|SIM|NÃO|2877
SIM|SIM|SIM|NÃO|7642
SIM|SIM|NÃO|NÃO|1693
SIM|SIM|NÃO|NÃO|3566
SIM|SIM|SIM|NÃO|8142
SIM|SIM|SIM|NÃO|3253
SIM|SIM|SIM|NÃO|5243
SIM|SIM|SIM|NÃO|7964
SIM|SIM|SIM|NÃO|3055
SIM|SIM|NÃO|NÃO|8065
SIM|SIM|NÃO|NÃO|2992
SIM|SIM|SIM|NÃO|5904
SIM|SIM|NÃO|NÃO|8712
SIM|SIM|NÃO|NÃO|7831
SIM|SIM|SIM|NÃO|3165
SIM|SIM|SIM|NÃO|8287
SIM|SIM|SIM|NÃO|7258
SIM|SIM|SIM|NÃO|6656
SIM|SIM|NÃO|NÃO|6189
SIM|SIM|SIM|NÃO|2961
SIM|SIM|SIM|NÃO|5114
SIM|SIM|SIM|NÃO|5676
SIM|SIM|NÃO|NÃO|6174
SIM|SIM|SIM|NÃO|8359
NÃO|NÃO|NÃO|NÃO|7426
SIM|SIM|NÃO|NÃO|4250
SIM|SIM|SIM|NÃO|2940
SIM|SIM|SIM|NÃO|5233
SIM|SIM|SIM|NÃO|3337
SIM|SIM|SIM|NÃO|3228
SIM|SIM|SIM|NÃO|3088
SIM|SIM|SIM|NÃO|3122
SIM|SIM|SIM|NÃO|2613
SIM|SIM|NÃO|NÃO|5336
SIM|SIM|NÃO|NÃO|9192
SIM|SIM|NÃO|NÃO|8356
SIM|SIM|NÃO|NÃO|6508
SIM|SIM|NÃO|NÃO|8243
SIM|SIM|NÃO|NÃO|6426
SIM|SIM|NÃO|NÃO|5123
SIM|SIM|NÃO|NÃO|8647
SIM|SIM|NÃO|NÃO|1755
SIM|SIM|NÃO|NÃO|4711
SIM|SIM|SIM|NÃO|2721
SIM|SIM|SIM|NÃO|6828
SIM|SIM|SIM|NÃO|7191
SIM|SIM|SIM|NÃO|3038
SIM|SIM|NÃO|NÃO|9912
SIM|SIM|NÃO|NÃO|8902
SIM|SIM|SIM|NÃO|8550
SIM|SIM|NÃO|NÃO|4487
SIM|SIM|SIM|NÃO|6273
SIM|SIM|SIM|NÃO|2997
SIM|SIM|NÃO|NÃO|9639
SIM|SIM|NÃO|NÃO|5214
SIM|SIM|NÃO|NÃO|3476
SIM|SIM|NÃO|NÃO|956
SIM|SIM|SIM|NÃO|3747
SIM|SIM|SIM|NÃO|4560
SIM|SIM|SIM|NÃO|8406
SIM|SIM|SIM|NÃO|2205
SIM|SIM|NÃO|NÃO|8900
SIM|SIM|SIM|NÃO|6872
SIM|SIM|SIM|NÃO|2999
SIM|SIM|SIM|NÃO|3798
SIM|SIM|SIM|NÃO|5799
SIM|SIM|SIM|NÃO|7814
SIM|SIM|SIM|NÃO|4396
SIM|SIM|SIM|NÃO|2241
SIM|SIM|SIM|NÃO|3047
SIM|SIM|SIM|NÃO|9011
SIM|SIM|SIM|NÃO|7365
SIM|SIM|SIM|NÃO|2984
SIM|SIM|NÃO|NÃO|5859
SIM|SIM|NÃO|NÃO|519
SIM|SIM|SIM|NÃO|9264
SIM|SIM|NÃO|NÃO|1058
SIM|SIM|NÃO|NÃO|996
SIM|SIM|SIM|NÃO|1482
SIM|SIM|NÃO|NÃO|6471
SIM|SIM|NÃO|NÃO|4146
SIM|SIM|NÃO|NÃO|6811
SIM|SIM|SIM|NÃO|7132
SIM|SIM|SIM|NÃO|7444
SIM|SIM|SIM|NÃO|5990
SIM|SIM|NÃO|NÃO|8310
SIM|SIM|SIM|NÃO|1627
SIM|SIM|NÃO|NÃO|3705
SIM|SIM|SIM|NÃO|5541
SIM|SIM|NÃO|NÃO|8924
SIM|SIM|SIM|NÃO|2850
SIM|SIM|NÃO|NÃO|5130
SIM|SIM|NÃO|NÃO|7347
SIM|SIM|SIM|NÃO|3498
SIM|SIM|SIM|NÃO|5821
SIM|SIM|NÃO|NÃO|3140
SIM|SIM|NÃO|NÃO|1672
SIM|SIM|SIM|NÃO|9214
SIM|SIM|SIM|NÃO|8781
SIM|SIM|SIM|NÃO|5934
SIM|SIM|SIM|NÃO|6918
SIM|SIM|SIM|NÃO|8685
SIM|SIM|SIM|NÃO|8519
SIM|SIM|SIM|NÃO|3736
SIM|SIM|SIM|NÃO|9191
SIM|SIM|SIM|NÃO|8804
SIM|SIM|SIM|NÃO|979
SIM|SIM|SIM|NÃO|7526
SIM|SIM|SIM|NÃO|2914
SIM|SIM|SIM|NÃO|9230
SIM|SIM|NÃO|NÃO|5061
SIM|SIM|NÃO|NÃO|2611
SIM|SIM|SIM|NÃO|1984
SIM|SIM|NÃO|NÃO|1273
SIM|SIM|SIM|NÃO|3996
SIM|SIM|SIM|NÃO|2226
SIM|SIM|SIM|NÃO|6201
SIM|SIM|NÃO|NÃO|3484
SIM|SIM|SIM|NÃO|8785
SIM|SIM|NÃO|NÃO|4164
SIM|SIM|SIM|NÃO|5095
SIM|SIM|NÃO|NÃO|3462
SIM|SIM|NÃO|NÃO|8348
SIM|SIM|SIM|NÃO|4456
SIM|SIM|SIM|NÃO|4145
SIM|SIM|SIM|NÃO|2752
SIM|SIM|SIM|NÃO|3233
SIM|SIM|NÃO|NÃO|1677
SIM|SIM|NÃO|NÃO|2196
SIM|SIM|NÃO|NÃO|1912
SIM|SIM|NÃO|NÃO|7520
SIM|SIM|SIM|NÃO|4928
SIM|SIM|SIM|NÃO|2035
SIM|SIM|NÃO|NÃO|4671
SIM|SIM|SIM|NÃO|5337
SIM|SIM|NÃO|NÃO|9969
SIM|SIM|SIM|NÃO|5017
SIM|SIM|SIM|NÃO|5047
SIM|SIM|SIM|NÃO|4785
SIM|SIM|NÃO|NÃO|8409
SIM|SIM|NÃO|NÃO|9427
SIM|SIM|SIM|NÃO|9026
SIM|SIM|NÃO|NÃO|4245
SIM|SIM|NÃO|NÃO|2678
SIM|SIM|SIM|NÃO|4766
SIM|SIM|NÃO|NÃO|5355
SIM|SIM|NÃO|NÃO|1887
SIM|SIM|NÃO|NÃO|843
SIM|SIM|SIM|NÃO|1472
SIM|SIM|SIM|NÃO|7877
SIM|SIM|NÃO|NÃO|6430
SIM|SIM|NÃO|NÃO|6457
SIM|SIM|SIM|NÃO|7804
SIM|SIM|NÃO|NÃO|819
SIM|SIM|NÃO|NÃO|5272
SIM|SIM|SIM|NÃO|364
SIM|SIM|SIM|NÃO|6139
SIM|SIM|SIM|NÃO|9290
SIM|SIM|NÃO|NÃO|3561
SIM|SIM|SIM|NÃO|2883
SIM|SIM|SIM|NÃO|6864
SIM|SIM|NÃO|NÃO|8639
SIM|SIM|SIM|NÃO|3045
SIM|SIM|SIM|NÃO|6676
SIM|SIM|SIM|NÃO|7279
SIM|SIM|SIM|NÃO|2886
SIM|SIM|SIM|NÃO|3619
SIM|SIM|NÃO|NÃO|8283
SIM|SIM|NÃO|NÃO|7729
SIM|SIM|NÃO|NÃO|8286
SIM|SIM|NÃO|NÃO|2071
SIM|SIM|NÃO|NÃO|7360
SIM|SIM|NÃO|NÃO|4001
SIM|SIM|SIM|NÃO|3949
SIM|SIM|NÃO|NÃO|184
SIM|SIM|NÃO|NÃO|7767
SIM|SIM|SIM|NÃO|2459
SIM|SIM|SIM|NÃO|2929
SIM|SIM|SIM|NÃO|7007
SIM|SIM|SIM|NÃO|5413
SIM|SIM|SIM|NÃO|484
SIM|SIM|SIM|NÃO|8271
SIM|SIM|NÃO|NÃO|3237
SIM|SIM|SIM|NÃO|6364
SIM|SIM|NÃO|NÃO|2630
SIM|SIM|NÃO|NÃO|7693
SIM|SIM|NÃO|NÃO|1808
SIM|SIM|NÃO|NÃO|3872
NÃO|NÃO|NÃO|NÃO|7413
SIM|SIM|NÃO|SIM|7018
SIM|SIM|NÃO|SIM|7287
NÃO|NÃO|NÃO|NÃO|7971
SIM|SIM|NÃO|SIM|6177
SIM|SIM|SIM|SIM|602
SIM|SIM|NÃO|SIM|8894
SIM|SIM|NÃO|SIM|132
SIM|SIM|NÃO|SIM|3304
SIM|SIM|NÃO|SIM|6661
SIM|SIM|NÃO|SIM|6678
SIM|SIM|SIM|SIM|7142
SIM|NÃO|NÃO|SIM|7556
SIM|SIM|NÃO|SIM|8013
SIM|SIM|SIM|SIM|7284
SIM|SIM|SIM|SIM|7030
SIM|SIM|SIM|SIM|6849
SIM|SIM|Não|SIM|3401
NÃO|NÃO|NÃO|NÃO|334
NÃO|NÃO|NÃO|NÃO|6667
NÃO|NÃO|NÃO|NÃO|335
NÃO|NÃO|NÃO|NÃO|1473
SIM|SIM|SIM|SIM|5902
NÃO|NÃO|NÃO|NÃO|3156
SIM|SIM|SIM|SIM|7143
SIM|SIM|SIM|SIM|6713
SIM|SIM|SIM|SIM|7878
SIM|SIM|SIM|SIM|1004
NÃO|NÃO|NÃO|NÃO|5557
SIM|SIM|SIM|SIM|7031
NÃO|NÃO|NÃO|NÃO|456
SIM|NÃO|NÃO|SIM|331
NÃO|NÃO|NÃO|NÃO|970
SIM|SIM|SIM|SIM|1925
NÃO|NÃO|NÃO|NÃO|8946
SIM|SIM|NÃO|SIM|2663
NÃO|NÃO|NÃO|NÃO|5158
NÃO|NÃO|NÃO|NÃO|5438
NÃO|NÃO|NÃO|NÃO|7117
SIM|SIM|SIM|SIM|2532
SIM|NÃO|NÃO|SIM|1699
SIM|SIM|SIM|SIM|2792
SIM|SIM|SIM|SIM|486
SIM|NÃO|NÃO|SIM|2851
SIM|SIM|SIM|SIM|9430
SIM|SIM|SIM|SIM|6655
SIM|NÃO|NÃO|SIM|521
SIM|SIM|NÃO|SIM|435
SIM|SIM|SIM|SIM|6577
SIM|SIM|NÃO|SIM|696
SIM|NÃO|NÃO|SIM|6631
SIM|SIM|NÃO|SIM|9220
SIM|SIM|SIM|SIM|4992
NÃO|NÃO|NÃO|NÃO|3195
SIM|SIM|SIM|SIM|5236
SIM|SIM|SIM|SIM|5239
SIM|NÃO|NÃO|SIM|7870
NÃO|NÃO|NÃO|NÃO|4318
SIM|NÃO|NÃO|SIM|6708
SIM|SIM|NÃO|SIM|3522
SIM|SIM|SIM|SIM|5841
SIM|SIM|SIM|SIM|6873
SIM|NÃO|NÃO|SIM|4918
NÃO|NÃO|NÃO|NÃO|9389
NÃO|NÃO|NÃO|NÃO|7376
SIM|NÃO|NÃO|SIM|3941
SIM|NÃO|NÃO|SIM|5389
SIM|SIM|NÃO|SIM|1757
SIM|SIM|NÃO|SIM|9450
SIM|NÃO|NÃO|SIM|9098
NÃO|NÃO|NÃO|NÃO|8836
SIM|NÃO|NÃO|SIM|7839
SIM|SIM|NÃO|SIM|2482
NÃO|NÃO|NÃO|NÃO|881
SIM|SIM|SIM|SIM|3535
NÃO|NÃO|NÃO|NÃO|6658
SIM|SIM|NÃO|SIM|1068
NÃO|NÃO|NÃO|NÃO|4317
SIM|SIM|SIM|SIM|3887
SIM|NÃO|NÃO|SIM|9469
NÃO|NÃO|NÃO|NÃO|7368
NÃO|NÃO|NÃO|NÃO|6707
NÃO|NÃO|NÃO|NÃO|6679
SIM|SIM|SIM|SIM|7623
NÃO|NÃO|NÃO|NÃO|1179
SIM|SIM|SIM|SIM|2732
SIM|SIM|NÃO|SIM|5808
SIM|SIM|NÃO|SIM|6657
SIM|SIM|SIM|SIM|4739
SIM|NÃO|NÃO|SIM|684
SIM|SIM|NÃO|SIM|1689
SIM|SIM|SIM|SIM|686
SIM|SIM|SIM|SIM|4498
SIM|SIM|SIM|SIM|1733
SIM|SIM|NÃO|SIM|6714
SIM|SIM|NÃO|SIM|5391
SIM|NÃO|NÃO|SIM|772
SIM|SIM|NÃO|SIM|9041
SIM|SIM|SIM|SIM|1042
NÃO|NÃO|NÃO|NÃO|4700
NÃO|NÃO|NÃO|NÃO|7198
SIM|SIM|NÃO|SIM|4398
NÃO|NÃO|NÃO|NÃO|6198
NÃO|NÃO|NÃO|NÃO|7090
SIM|SIM|SIM|SIM|6680
SIM|SIM|SIM|SIM|4994
SIM|SIM|SIM|SIM|3940
SIM|SIM|SIM|SIM|7281
SIM|SIM|NÃO|SIM|7470
SIM|SIM|NÃO|SIM|2137
SIM|NÃO|NÃO|SIM|981
SIM|SIM|NÃO|SIM|1512
SIM|SIM|NÃO|SIM|4579
SIM|SIM|NÃO|SIM|7970
SIM|NÃO|NÃO|SIM|7881
SIM|SIM|NÃO|SIM|3482
SIM|NÃO|NÃO|SIM|9890
SIM|SIM|NÃO|SIM|9396
SIM|SIM|SIM|SIM|2522
SIM|SIM|NÃO|SIM|9076
SIM|SIM|NÃO|SIM|1803
SIM|SIM|NÃO|SIM|9480
NÃO|NÃO|NÃO|NÃO|7171
SIM|SIM|SIM|SIM|1813
NÃO|NÃO|NÃO|NÃO|3406
SIM|NÃO|NÃO|SIM|462
SIM|SIM|SIM|SIM|7734
SIM|SIM|NÃO|SIM|1397
SIM|SIM|NÃO|SIM|2821
NÃO|NÃO|NÃO|NÃO|1641
SIM|SIM|NÃO|SIM|8797
SIM|SIM|NÃO|SIM|1272
SIM|NÃO|NÃO|SIM|6907
SIM|NÃO|NÃO|SIM|2623
SIM|SIM|NÃO|SIM|7590
SIM|SIM|NÃO|SIM|9236
SIM|SIM|SIM|SIM|3495
SIM|SIM|NÃO|SIM|7060
SIM|SIM|SIM|SIM|4787
SIM|SIM|NÃO|SIM|5117
SIM|SIM|SIM|SIM|1785
SIM|SIM|SIM|SIM|9099
SIM|SIM|NÃO|SIM|8890
NÃO|NÃO|NÃO|NÃO|989
NÃO|NÃO|NÃO|NÃO|4132
SIM|SIM|NÃO|SIM|1012
NÃO|NÃO|NÃO|NÃO|1018
SIM|NÃO|NÃO|SIM|5396
SIM|SIM|NÃO|SIM|1028
SIM|SIM|SIM|SIM|7786
SIM|NÃO|NÃO|SIM|939
SIM|NÃO|NÃO|SIM|7973
SIM|SIM|NÃO|SIM|5285
SIM|NÃO|NÃO|SIM|1095
SIM|NÃO|NÃO|SIM|1687
SIM|SIM|NÃO|SIM|379
SIM|SIM|SIM|SIM|4365
SIM|SIM|SIM|SIM|5664
SIM|SIM|NÃO|SIM|2977
SIM|SIM|NÃO|SIM|7144
SIM|SIM|SIM|SIM|795
SIM|NÃO|NÃO|SIM|9119
SIM|NÃO|NÃO|SIM|775
SIM|SIM|NÃO|SIM|7286
SIM|SIM|NÃO|SIM|6870
SIM|SIM|SIM|SIM|5401
SIM|SIM|SIM|SIM|3889
SIM|SIM|NÃO|SIM|995
SIM|SIM|NÃO|SIM|1712
NÃO|NÃO|NÃO|NÃO|6520
NÃO|NÃO|NÃO|NÃO|7812
SIM|SIM|NÃO|SIM|6737
SIM|SIM|NÃO|SIM|1003
SIM|SIM|NÃO|SIM|3538
SIM|SIM|SIM|SIM|7439
SIM|SIM|NÃO|SIM|1635
SIM|NÃO|NÃO|SIM|5088
SIM|NÃO|NÃO|SIM|3159
SIM|SIM|NÃO|SIM|7199
SIM|NÃO|NÃO|SIM|8707
SIM|SIM|NÃO|SIM|4632
NÃO|NÃO|NÃO|NÃO|1832
SIM|SIM|SIM|SIM|3196
SIM|SIM|SIM|SIM|3634
SIM|SIM|NÃO|SIM|1782
SIM|SIM|NÃO|SIM|3523
SIM|SIM|NÃO|SIM|7959
NÃO|NÃO|NÃO|NÃO|4767
SIM|SIM|NÃO|SIM|7854
SIM|SIM|NÃO|SIM|5555
SIM|SIM|NÃO|SIM|7855
SIM|NÃO|NÃO|SIM|3322
SIM|SIM|NÃO|SIM|169
SIM|SIM|NÃO|SIM|4076
SIM|SIM|NÃO|SIM|9121
SIM|NÃO|NÃO|SIM|1130
SIM|NÃO|NÃO|SIM|1131
SIM|SIM|NÃO|SIM|6662
SIM|SIM|SIM|SIM|1187
SIM|SIM|SIM|SIM|5575
SIM|NÃO|NÃO|SIM|3399
SIM|SIM|NÃO|SIM|4530
SIM|SIM|NÃO|SIM|6240
SIM|SIM|NÃO|SIM|6068
SIM|SIM|SIM|SIM|7880
SIM|NÃO|NÃO|SIM|7869
SIM|SIM|NÃO|SIM|6085
SIM|SIM|SIM|SIM|7498
SIM|SIM|SIM|SIM|9111
SIM|SIM|NÃO|SIM|8905
SIM|SIM|NÃO|SIM|1607
SIM|SIM|SIM|SIM|1933
SIM|SIM|NÃO|SIM|7028
SIM|SIM|NÃO|SIM|8017
SIM|SIM|SIM|SIM|1634
SIM|SIM|NÃO|SIM|9322
SIM|SIM|NÃO|SIM|4361
SIM|SIM|NÃO|SIM|3089
SIM|SIM|SIM|SIM|1657
SIM|SIM|SIM|SIM|5739
SIM|SIM|SIM|SIM|1994
SIM|SIM|NÃO|SIM|9348
SIM|SIM|SIM|SIM|1213
SIM|SIM|NÃO|SIM|4731
SIM|SIM|NÃO|SIM|1579
SIM|SIM|NÃO|SIM|3408
SIM|NÃO|NÃO|SIM|1372
SIM|SIM|NÃO|SIM|6683
SIM|SIM|NÃO|SIM|3799
SIM|SIM|NÃO|SIM|4728
SIM|SIM|NÃO|SIM|7972
SIM|SIM|SIM|SIM|1348
SIM|SIM|NÃO|SIM|4743
SIM|SIM|NÃO|SIM|7958
SIM|NÃO|NÃO|SIM|6031
SIM|SIM|NÃO|SIM|1279
SIM|SIM|NÃO|SIM|7821
SIM|SIM|NÃO|SIM|8587
SIM|SIM|SIM|SIM|2704
SIM|SIM|NÃO|SIM|2764
SIM|SIM|SIM|SIM|2578
SIM|SIM|NÃO|SIM|7029
SIM|SIM|SIM|SIM|7136
NÃO|NÃO|NÃO|NÃO|7138
SIM|NÃO|NÃO|SIM|4251
SIM|SIM|NÃO|SIM|7969
SIM|SIM|SIM|SIM|6684
SIM|SIM|SIM|SIM|7174
SIM|SIM|NÃO|SIM|529
SIM|SIM|NÃO|SIM|8942
SIM|SIM|NÃO|SIM|3752
SIM|SIM|NÃO|SIM|9219
SIM|SIM|SIM|SIM|6677
SIM|NÃO|NÃO|SIM|6545
SIM|SIM|SIM|SIM|8002
SIM|SIM|NÃO|SIM|7397
SIM|SIM|NÃO|SIM|163
SIM|NÃO|NÃO|SIM|6601
SIM|NÃO|NÃO|SIM|9282
SIM|SIM|NÃO|SIM|7285
SIM|SIM|SIM|SIM|7295
NÃO|NÃO|NÃO|NÃO|7713
SIM|SIM|NÃO|SIM|1543
SIM|SIM|NÃO|SIM|3486
SIM|SIM|SIM|SIM|8290
SIM|SIM|SIM|SIM|1000
SIM|SIM|NÃO|SIM|9069
SIM|SIM|NÃO|SIM|6155
SIM|SIM|não|SIM|812
SIM|SIM|não|SIM|8365
SIM|SIM|sim|SIM|2876
SIM|SIM|sim|SIM|7677
SIM|SIM|sim|SIM|167
NÃO|NÃO|NÃO|NÃO|4692
SIM|SIM|sim|SIM|2448
SIM|SIM|sim|SIM|2553
SIM|SIM|sim|SIM|2066
SIM|SIM|sim|SIM|664
SIM|SIM|sim|SIM|3624
SIM|SIM|sim|SIM|3058
SIM|SIM|não|SIM|3220
SIM|SIM|não|SIM|3107
SIM|SIM|sim|SIM|5903
SIM|SIM|sim|SIM|6768
SIM|SIM|sim|SIM|1850
SIM|SIM|sim|SIM|6274
SIM|SIM|não|SIM|8895
SIM|SIM|sim|SIM|1091
SIM|SIM|não|SIM|9927
SIM|SIM|sim|SIM|3932
NÃO|NÃO|NÃO|NÃO|1093
SIM|SIM|não|SIM|8747
SIM|SIM|não|SIM|9338
SIM|SIM|sim|SIM|3118
SIM|SIM|não|SIM|9999
SIM|SIM|sim|SIM|883
SIM|SIM|sim|SIM|2206
SIM|SIM|sim|SIM|5110
SIM|SIM|sim|SIM|992
SIM|SIM|sim|SIM|7948
NÃO|NÃO|NÃO|NÃO|530
SIM|SIM|não|SIM|3264
SIM|SIM|sim|SIM|1331
SIM|SIM|não|SIM|3221
SIM|SIM|sim|SIM|9888
SIM|SIM|sim|SIM|4213
SIM|SIM|sim|SIM|1400
SIM|SIM|sim|SIM|2116
SIM|SIM|sim|SIM|5797
SIM|SIM|sim|SIM|6833
SIM|SIM|sim|SIM|2664
SIM|SIM|sim|SIM|3673
SIM|SIM|sim|SIM|608
SIM|SIM|sim|SIM|8370
SIM|SIM|sim|SIM|2131
SIM|SIM|sim|SIM|6288
SIM|SIM|não|SIM|2239
SIM|SIM|sim|SIM|8719
SIM|sim|não|SIM|4209
SIM|SIM|sim|SIM|6276
SIM|SIM|não|SIM|9165
SIM|SIM|sim|SIM|4689
SIM|SIM|não|SIM|5274
SIM|SIM|não|SIM|5108
SIM|SIM|sim|SIM|3273
SIM|SIM|sim|SIM|6261
NÃO|NÃO|NÃO|NÃO|4880
SIM|SIM|sim|SIM|3524
SIM|SIM|sim|SIM|2145
SIM|SIM|não|SIM|9432
SIM|SIM|sim|SIM|3320
NÃO|NÃO|NÃO|NÃO|5207
SIM|SIM|não|SIM|8360
SIM|SIM|não|SIM|8102
SIM|SIM|sim|SIM|8875
SIM|SIM|não|SIM|8651
SIM|SIM|sim|SIM|4959
SIM|SIM|não|SIM|4899
SIM|SIM|não|SIM|4094
SIM|SIM|sim|SIM|2062
SIM|SIM|sim|SIM|578
SIM|SIM|não|SIM|2293
SIM|SIM|sim|SIM|913
NÃO|NÃO|NÃO|NÃO|947
SIM|SIM|sim|SIM|2180
SIM|SIM|sim|SIM|569
SIM|SIM|não|SIM|4232
sim|sim|não|SIM|3531
SIM|SIM|não|SIM|4881
SIM|SIM|não|SIM|7328
SIM|SIM|sim|SIM|1874
SIM|SIM|sim|SIM|1248
SIM|SIM|sim|SIM|5077
SIM|SIM|não|SIM|3491
SIM|SIM|sim|SIM|6867
SIM|SIM|não|SIM|8827
SIM|SIM|sim|SIM|9118
SIM|SIM|sim|SIM|4958
SIM|SIM|não|SIM|9435
SIM|SIM|não|SIM|4783
SIM|SIM|não|SIM|7633
SIM|SIM|sim|SIM|3871
SIM|SIM|sim|SIM|1001
SIM|SIM|sim|SIM|3197
SIM|SIM|sim|SIM|1730
NÃO|NÃO|NÃO|NÃO|3983
SIM|SIM|sim|SIM|6575
SIM|SIM|sim|SIM|940
SIM|SIM|não|SIM|965
SIM|SIM|não|SIM|4390
SIM|SIM|sim|SIM|998
SIM|SIM|sim|SIM|6492
SIM|SIM|sim|SIM|5737
SIM|SIM|sim|SIM|3911
SIM|SIM|sim|SIM|6010
SIM|SIM|sim|SIM|4085
SIM|SIM|não|SIM|187
SIM|SIM|sim|SIM|1955
SIM|SIM|sim|SIM|4386
SIM|SIM|sim|SIM|2338
SIM|SIM|sim|SIM|1989
SIM|SIM|não|SIM|3492
SIM|SIM|sim|SIM|2192
SIM|SIM|sim|SIM|2436
SIM|SIM|não|SIM|9157
SIM|SIM|sim|SIM|3172
SIM|SIM|não|SIM|1315
SIM|SIM|não|SIM|2414
SIM|SIM|não|SIM|7494
SIM|SIM|sim|SIM|7775
SIM|SIM|não|SIM|2994
SIM|SIM|não|SIM|8067
sim|sim|não|SIM|3355
SIM|SIM|não|SIM|9050
SIM|SIM|sim|SIM|3945
SIM|SIM|sim|SIM|1245
SIM|SIM|não|SIM|8911
SIM|SIM|não|SIM|6171
SIM|SIM|não|SIM|8855
SIM|SIM|sim|SIM|2025
SIM|SIM|não|SIM|8697
SIM|SIM|sim|SIM|3722
SIM|SIM|não|SIM|8803
SIM|SIM|não|SIM|8566
SIM|SIM|sim|SIM|2390
SIM|SIM|SIM|SIM|1664
SIM|SIM|não|SIM|9033
NÃO|NÃO|NÃO|NÃO|1161
SIM|SIM|sim|SIM|6664
SIM|SIM|sim|SIM|5154
SIM|SIM|não|SIM|2446
SIM|SIM|sim|SIM|2276
SIM|SIM|sim|SIM|1362
SIM|SIM|não|SIM|3640
SIM|SIM|sim|SIM|1770
SIM|SIM|sim|SIM|3252
SIM|SIM|sim|SIM|7825
SIM|SIM|não|SIM|8583
SIM|SIM|sim|SIM|1283
SIM|SIM|sim|SIM|2976
SIM|SIM|não|SIM|575
SIM|SIM|não|SIM|3365
NÃO|NÃO|NÃO|NÃO|1429
SIM|SIM|sim|SIM|8492
SIM|SIM|não|SIM|9468
SIM|SIM|não|SIM|3065
SIM|SIM|NÃO|SIM|7702
SIM|SIM|não|SIM|2633
SIM|SIM|não|SIM|2795
SIM|SIM|sim|SIM|9231
SIM|SIM|sim|SIM|2209
SIM|SIM|não|SIM|5771
SIM|SIM|não|SIM|2463
SIM|SIM|não|SIM|6086
SIM|SIM|não|SIM|5790
SIM|SIM|não|SIM|5759
SIM|SIM|sim|SIM|5434
NÃO|NÃO|NÃO|NÃO|615
SIM|SIM|sim|SIM|1546
SIM|SIM|não|SIM|8403
SIM|SIM|não|SIM|7326
SIM|SIM|não|SIM|5362
SIM|SIM|sim|SIM|4966
sim|sim|não|SIM|701
SIM|NÃO|NÃO|NÃO|3170
SIM|SIM|NÃO|NÃO|4504
SIM|SIM|NÃO|NÃO|1444
SIM|NÃO|NÃO|NÃO|2592
SIM|SIM|SIM|NÃO|2811
SIM|SIM|NÃO|NÃO|7072
SIM|SIM|NÃO|NÃO|5152
SIM|SIM|NÃO|NÃO|5842
SIM|SIM|NÃO|NÃO|32
SIM|NÃO|NÃO|NÃO|4640
SIM|NÃO|NÃO|NÃO|5973
SIM|SIM|SIM|NÃO|5441
SIM|NÃO|NÃO|NÃO|3245
SIM|SIM|SIM|NÃO|3499
SIM|SIM|SIM|NÃO|7548
SIM|SIM|SIM|NÃO|3343
SIM|NÃO|NÃO|NÃO|3688
SIM|NÃO|NÃO|NÃO|698
SIM|SIM|SIM|NÃO|5534
SIM|NÃO|NÃO|NÃO|3723
SIM|SIM|NÃO|NÃO|3120
SIM|SIM|SIM|NÃO|893
SIM|SIM|NÃO|NÃO|3942
SIM|SIM|NÃO|NÃO|8960
SIM|SIM|NÃO|NÃO|3227
SIM|NÃO|NÃO|NÃO|8612
SIM|SIM|SIM|NÃO|7006
SIM|NÃO|NÃO|NÃO|3695
SIM|SIM|NÃO|NÃO|369
SIM|SIM|SIM|NÃO|351
SIM|NÃO|NÃO|NÃO|6159
SIM|NÃO|NÃO|NÃO|1145
SIM|SIM|NÃO|NÃO|9058
SIM|SIM|SIM|NÃO|8398
SIM|SIM|NÃO|NÃO|6603
SIM|SIM|NÃO|NÃO|22
SIM|SIM|NÃO|NÃO|4364
SIM|NÃO|NÃO|NÃO|4758
SIM|NÃO|NÃO|NÃO|1402
SIM|NÃO|NÃO|NÃO|3692
SIM|NÃO|NÃO|NÃO|3693
SIM|NÃO|NÃO|NÃO|6060
SIM|SIM|SIM|NÃO|1558
SIM|NÃO|NÃO|NÃO|4159
SIM|NÃO|NÃO|NÃO|3332
SIM|SIM|SIM|NÃO|2898
SIM|NÃO|NÃO|NÃO|340
SIM|NÃO|NÃO|NÃO|3717
SIM|SIM|NÃO|NÃO|4387
SIM|SIM|NÃO|NÃO|8961
SIM|NÃO|NÃO|NÃO|3690
SIM|SIM|SIM|NÃO|7549
SIM|SIM|SIM|NÃO|5507
SIM|SIM|NÃO|NÃO|1346
SIM|SIM|SIM|NÃO|8304
SIM|SIM|NÃO|NÃO|2449
SIM|SIM|NÃO|NÃO|6786
SIM|NÃO|NÃO|NÃO|818
SIM|SIM|NÃO|NÃO|4443
SIM|SIM|NÃO|NÃO|784
SIM|SIM|NÃO|NÃO|9083
SIM|SIM|NÃO|NÃO|5815
SIM|SIM|SIM|NÃO|8780
SIM|SIM|NÃO|NÃO|4377
SIM|NÃO|NÃO|NÃO|2936
SIM|NÃO|NÃO|NÃO|6866
SIM|SIM|NÃO|NÃO|7783
SIM|SIM|SIM|NÃO|7005
SIM|SIM|SIM|NÃO|2885
SIM|SIM|SIM|NÃO|3012
SIM|NÃO|NÃO|NÃO|162
SIM|SIM|SIM|NÃO|4438
SIM|NÃO|NÃO|NÃO|9308
SIM|SIM|NÃO|NÃO|5139
SIM|NÃO|NÃO|NÃO|5762
SIM|SIM|NÃO|NÃO|7859
SIM|SIM|SIM|NÃO|9906
SIM|SIM|SIM|NÃO|5893
SIM|SIM|NÃO|NÃO|7820
SIM|SIM|SIM|NÃO|5890
SIM|SIM|NÃO|NÃO|9079
SIM|NÃO|NÃO|NÃO|8342
SIM|SIM|NÃO|NÃO|4198
SIM|SIM|NÃO|NÃO|1824
SIM|SIM|NÃO|NÃO|5443
SIM|SIM|SIM|NÃO|2810
SIM|NÃO|NÃO|NÃO|3603
SIM|SIM|NÃO|NÃO|4432
SIM|SIM|SIM|NÃO|3269
SIM|SIM|NÃO|NÃO|8901
SIM|NÃO|NÃO|NÃO|745
SIM|NÃO|NÃO|NÃO|1214
SIM|NÃO|NÃO|NÃO|780
SIM|SIM|SIM|NÃO|6053
SIM|SIM|SIM|NÃO|5138
SIM|NÃO|NÃO|NÃO|3287
SIM|SIM|SIM|NÃO|8115
SIM|NÃO|NÃO|NÃO|2973
SIM|SIM|NÃO|NÃO|9194
SIM|SIM|NÃO|NÃO|1789
SIM|NÃO|NÃO|NÃO|10008
SIM|NÃO|NÃO|NÃO|3289
SIM|NÃO|NÃO|NÃO|5457
SIM|SIM|SIM|NÃO|5132
SIM|NÃO|NÃO|NÃO|8613
SIM|NÃO|NÃO|NÃO|4763
SIM|SIM|NÃO|NÃO|537
SIM|SIM|SIM|NÃO|6709
SIM|SIM|SIM|NÃO|2849
SIM|NÃO|NÃO|NÃO|3740
SIM|SIM|SIM|NÃO|7331
SIM|NÃO|NÃO|NÃO|3445
SIM|SIM|SIM|NÃO|4929
SIM|SIM|NÃO|NÃO|4062
SIM|SIM|NÃO|NÃO|6585
SIM|SIM|NÃO|NÃO|8094
SIM|SIM|NÃO|NÃO|3324
SIM|SIM|NÃO|NÃO|5129
SIM|SIM|SIM|NÃO|2942
SIM|SIM|SIM|NÃO|366
SIM|SIM|NÃO|NÃO|8103
NÃO|NÃO|NÃO|NÃO|5884
SIM|NÃO|NÃO|NÃO|898
SIM|SIM|NÃO|NÃO|4287
SIM|SIM|NÃO|NÃO|814
SIM|SIM|NÃO|NÃO|7050
SIM|NÃO|NÃO|NÃO|9053
SIM|SIM|SIM|NÃO|6236
SIM|SIM|NÃO|NÃO|3576
NÃO|NÃO|NÃO|NÃO|2928
SIM|NÃO|NÃO|NÃO|1203
SIM|NÃO|NÃO|NÃO|153
SIM|SIM|SIM|NÃO|3096
SIM|SIM|NÃO|NÃO|1587
SIM|NÃO|NÃO|NÃO|9210
SIM|NÃO|NÃO|NÃO|5429
SIM|NÃO|NÃO|NÃO|3715
SIM|NÃO|NÃO|NÃO|4755
SIM|SIM|SIM|NÃO|5929
SIM|NÃO|NÃO|NÃO|5529
SIM|SIM|NÃO|NÃO|5625
SIM|SIM|NÃO|NÃO|8812
SIM|NÃO|NÃO|NÃO|697
SIM|SIM|NÃO|NÃO|8240
NÃO|NÃO|NÃO|NÃO|7772
SIM|SIM|SIM|NÃO|9140
SIM|NÃO|NÃO|NÃO|1250
SIM|SIM|SIM|NÃO|9376
SIM|SIM|NÃO|NÃO|5466
SIM|SIM|NÃO|NÃO|2075
SIM|NÃO|NÃO|NÃO|290
NÃO|NÃO|NÃO|NÃO|6519
NÃO|NÃO|NÃO|NÃO|1193
SIM|NÃO|NÃO|NÃO|9355
SIM|SIM|NÃO|NÃO|7065
SIM|SIM|SIM|NÃO|7122
SIM|NÃO|NÃO|NÃO|5506
SIM|NÃO|NÃO|NÃO|2986
SIM|NÃO|NÃO|NÃO|760
SIM|SIM|SIM|NÃO|7052
SIM|NÃO|NÃO|NÃO|4308
SIM|SIM|NÃO|NÃO|5542
SIM|NÃO|NÃO|NÃO|4336
SIM|SIM|SIM|NÃO|9411
SIM|SIM|SIM|NÃO|8180
SIM|SIM|NÃO|NÃO|8756
SIM|SIM|NÃO|NÃO|3791
SIM|NÃO|NÃO|NÃO|1439
SIM|SIM|SIM|NÃO|4246
SIM|SIM|NÃO|NÃO|2987
SIM|SIM|SIM|NÃO|5482
SIM|SIM|SIM|NÃO|4444
SIM|SIM|NÃO|NÃO|5730
SIM|SIM|SIM|NÃO|3471
SIM|NÃO|NÃO|NÃO|3309
SIM|SIM|NÃO|NÃO|3837
SIM|NÃO|NÃO|NÃO|2979
SIM|NÃO|NÃO|NÃO|3760
SIM|SIM|NÃO|NÃO|9388
SIM|NÃO|NÃO|NÃO|3203
SIM|NÃO|NÃO|NÃO|3426
NÃO|NÃO|NÃO|NÃO|7471
SIM|SIM|NÃO|NÃO|9366
SIM|SIM|NÃO|NÃO|4165
SIM|SIM|NÃO|NÃO|5782
SIM|SIM|SIM|NÃO|5175
SIM|SIM|SIM|NÃO|7193
SIM|SIM|NÃO|NÃO|2649
SIM|SIM|NÃO|NÃO|8677
SIM|SIM|NÃO|NÃO|3808
SIM|SIM|NÃO|NÃO|4539
SIM|SIM|SIM|NÃO|7452
SIM|SIM|SIM|NÃO|2451
SIM|SIM|NÃO|NÃO|6792
SIM|SIM|NÃO|NÃO|5284
SIM|SIM|NÃO|NÃO|3807
SIM|SIM|NÃO|NÃO|7486
SIM|SIM|NÃO|NÃO|7112
SIM|SIM|NÃO|NÃO|2676
SIM|SIM|NÃO|NÃO|3179
SIM|SIM|NÃO|NÃO|7290
SIM|SIM|NÃO|NÃO|636
SIM|SIM|SIM|NÃO|5194
SIM|SIM|SIM|NÃO|3654
SIM|SIM|SIM|NÃO|3948
SIM|SIM|NÃO|NÃO|2038
SIM|SIM|NÃO|NÃO|2108
SIM|SIM|SIM|NÃO|7464
SIM|SIM|SIM|NÃO|9203
SIM|SIM|NÃO|NÃO|7704
SIM|SIM|NÃO|NÃO|2921
SIM|SIM|SIM|NÃO|1875
SIM|SIM|SIM|NÃO|7589
SIM|SIM|NÃO|NÃO|2519
SIM|SIM|NÃO|NÃO|3046
SIM|SIM|NÃO|NÃO|8135
SIM|SIM|NÃO|NÃO|8340
SIM|SIM|NÃO|NÃO|4331
SIM|SIM|NÃO|NÃO|1822
SIM|SIM|NÃO|NÃO|2020
SIM|SIM|NÃO|NÃO|3806
SIM|SIM|SIM|NÃO|7385
SIM|SIM|NÃO|NÃO|4072
SIM|SIM|NÃO|NÃO|2679
SIM|SIM|NÃO|NÃO|5892
SIM|SIM|NÃO|NÃO|1726
SIM|SIM|NÃO|NÃO|5406
SIM|SIM|NÃO|NÃO|5196
SIM|SIM|NÃO|NÃO|6220
SIM|SIM|NÃO|NÃO|2525
SIM|SIM|NÃO|NÃO|7182
SIM|SIM|NÃO|NÃO|350
SIM|SIM|SIM|NÃO|1556
SIM|SIM|SIM|NÃO|4375
SIM|SIM|NÃO|NÃO|9249
SIM|SIM|NÃO|NÃO|2972
SIM|SIM|NÃO|NÃO|9078
SIM|SIM|NÃO|NÃO|7337
SIM|SIM|SIM|NÃO|8741
SIM|SIM|NÃO|NÃO|5991
SIM|SIM|NÃO|NÃO|2496
SIM|SIM|SIM|NÃO|1370
SIM|SIM|SIM|NÃO|6420
SIM|SIM|SIM|NÃO|5798
SIM|SIM|SIM|NÃO|3111
SIM|SIM|NÃO|NÃO|1287
SIM|SIM|NÃO|NÃO|7921
SIM|SIM|NÃO|NÃO|7421
SIM|SIM|NÃO|NÃO|7304
SIM|SIM|NÃO|NÃO|5460
SIM|SIM|NÃO|NÃO|1732
SIM|SIM|SIM|NÃO|3119
SIM|SIM|SIM|NÃO|3967
SIM|SIM|NÃO|NÃO|2413
SIM|SIM|NÃO|NÃO|5817
SIM|SIM|SIM|NÃO|8410
SIM|SIM|NÃO|NÃO|880
SIM|SIM|NÃO|NÃO|1401
NÃO|NÃO|NÃO|NÃO|2785
SIM|SIM|SIM|NÃO|5750
SIM|SIM|SIM|NÃO|7422
SIM|SIM|NÃO|NÃO|2445
SIM|SIM|SIM|NÃO|5032
SIM|SIM|SIM|NÃO|4991
SIM|SIM|NÃO|NÃO|6021
SIM|SIM|SIM|NÃO|5374
SIM|SIM|SIM|NÃO|5269
SIM|SIM|NÃO|NÃO|3694
SIM|SIM|NÃO|NÃO|3882
SIM|SIM|NÃO|NÃO|8470
SIM|SIM|NÃO|NÃO|9106
SIM|SIM|NÃO|NÃO|9319
SIM|SIM|NÃO|NÃO|2699
SIM|SIM|SIM|NÃO|1934
SIM|SIM|SIM|NÃO|1932
SIM|SIM|SIM|NÃO|9093
SIM|SIM|NÃO|NÃO|2860
SIM|SIM|NÃO|NÃO|2499
SIM|SIM|NÃO|NÃO|3121
SIM|SIM|NÃO|NÃO|1328
SIM|SIM|SIM|NÃO|6502
SIM|SIM|SIM|NÃO|7218
SIM|SIM|NÃO|NÃO|9368
SIM|SIM|NÃO|NÃO|6321
SIM|SIM|SIM|NÃO|498
SIM|SIM|NÃO|NÃO|6572
SIM|SIM|SIM|NÃO|5321
SIM|SIM|SIM|NÃO|8338
SIM|SIM|SIM|NÃO|4979
SIM|SIM|NÃO|NÃO|7345
SIM|SIM|SIM|NÃO|3574
SIM|SIM|SIM|NÃO|7659
SIM|SIM|NÃO|NÃO|7803
SIM|SIM|NÃO|NÃO|2585
SIM|SIM|NÃO|NÃO|7524
SIM|SIM|NÃO|NÃO|2455
SIM|SIM|NÃO|NÃO|1092
SIM|SIM|SIM|NÃO|2945
SIM|SIM|NÃO|NÃO|8059
SIM|SIM|NÃO|NÃO|1820
SIM|SIM|NÃO|NÃO|3049
SIM|SIM|NÃO|NÃO|6981
SIM|SIM|NÃO|NÃO|8686
SIM|SIM|NÃO|NÃO|2637
SIM|SIM|SIM|NÃO|2835
SIM|SIM|NÃO|NÃO|9334
SIM|SIM|NÃO|NÃO|2587
SIM|SIM|NÃO|NÃO|1195
SIM|SIM|NÃO|NÃO|1513
SIM|SIM|NÃO|NÃO|2125
SIM|SIM|NÃO|NÃO|8026
SIM|SIM|NÃO|NÃO|3457
SIM|SIM|SIM|NÃO|3577
SIM|SIM|SIM|NÃO|5833
SIM|SIM|SIM|NÃO|3708
SIM|SIM|SIM|NÃO|7560
SIM|SIM|NÃO|NÃO|7092
SIM|SIM|NÃO|NÃO|2819
SIM|SIM|NÃO|NÃO|5581
SIM|SIM|NÃO|NÃO|3370
SIM|SIM|NÃO|NÃO|2392
SIM|SIM|NÃO|NÃO|2588
SIM|SIM|NÃO|NÃO|2114
SIM|SIM|SIM|NÃO|7131
SIM|SIM|NÃO|NÃO|444
SIM|SIM|NÃO|NÃO|1188
SIM|SIM|SIM|NÃO|3239
SIM|SIM|NÃO|NÃO|9150
SIM|SIM|NÃO|NÃO|9156
SIM|SIM|NÃO|NÃO|3946
SIM|SIM|NÃO|NÃO|9205
SIM|SIM|SIM|NÃO|2452
SIM|SIM|NÃO|NÃO|2781
SIM|SIM|NÃO|NÃO|2963
SIM|SIM|NÃO|NÃO|7428
SIM|SIM|SIM|NÃO|2046
SIM|SIM|NÃO|NÃO|2651
SIM|SIM|NÃO|NÃO|2501
SIM|SIM|SIM|NÃO|8798
SIM|SIM|NÃO|NÃO|5894
SIM|SIM|NÃO|NÃO|2783
SIM|SIM|SIM|NÃO|8842
SIM|SIM|SIM|NÃO|6852
SIM|SIM|NÃO|NÃO|3175
SIM|SIM|NÃO|NÃO|7886
SIM|SIM|NÃO|NÃO|7408
SIM|SIM|SIM|NÃO|7953
SIM|SIM|SIM|NÃO|3869
SIM|SIM|SIM|NÃO|4920
SIM|SIM|NÃO|NÃO|2841
SIM|SIM|SIM|NÃO|7044
SIM|SIM|SIM|NÃO|8725
SIM|SIM|SIM|NÃO|6648
SIM|SIM|SIM|NÃO|3838
SIM|SIM|SIM|NÃO|3114
SIM|SIM|SIM|NÃO|2857
SIM|SIM|SIM|NÃO|373
SIM|SIM|NÃO|NÃO|2158
SIM|SIM|NÃO|NÃO|2444
SIM|SIM|SIM|NÃO|7219
SIM|SIM|NÃO|NÃO|9143
SIM|SIM|SIM|NÃO|7362
SIM|SIM|NÃO|NÃO|6403
SIM|SIM|NÃO|NÃO|7275
SIM|SIM|NÃO|NÃO|472
SIM|SIM|NÃO|NÃO|4106
SIM|SIM|NÃO|NÃO|7245
SIM|SIM|SIM|NÃO|7531
SIM|SIM|NÃO|NÃO|1819
SIM|SIM|SIM|NÃO|5121
SIM|SIM|NÃO|NÃO|5332
SIM|SIM|NÃO|NÃO|3143
SIM|SIM|NÃO|NÃO|5418
SIM|SIM|NÃO|NÃO|6801
SIM|SIM|SIM|NÃO|380
SIM|SIM|SIM|NÃO|3211
SIM|SIM|SIM|NÃO|3280
SIM|SIM|NÃO|NÃO|5880
SIM|SIM|NÃO|NÃO|7681
SIM|SIM|NÃO|NÃO|5568
SIM|SIM|NÃO|NÃO|3137
SIM|SIM|NÃO|NÃO|8411
SIM|SIM|SIM|NÃO|7631
SIM|SIM|SIM|NÃO|7609
SIM|SIM|SIM|NÃO|3451
SIM|SIM|NÃO|NÃO|2417
SIM|SIM|NÃO|NÃO|4258
SIM|SIM|NÃO|NÃO|7776
SIM|SIM|SIM|NÃO|2962
SIM|SIM|SIM|NÃO|3735
SIM|SIM|NÃO|NÃO|1879
SIM|SIM|SIM|NÃO|3163
SIM|SIM|NÃO|NÃO|3373
SIM|SIM|SIM|NÃO|941
SIM|SIM|NÃO|NÃO|7409
SIM|SIM|SIM|NÃO|8814
SIM|SIM|SIM|NÃO|4786
SIM|SIM|SIM|NÃO|3234
SIM|SIM|NÃO|NÃO|7129
SIM|SIM|SIM|NÃO|4773
SIM|SIM|NÃO|NÃO|1842
SIM|SIM|SIM|NÃO|4158
SIM|SIM|NÃO|NÃO|2518
SIM|SIM|NÃO|NÃO|7221
SIM|SIM|SIM|NÃO|4841
SIM|SIM|NÃO|NÃO|208
SIM|SIM|NÃO|NÃO|3704
SIM|SIM|NÃO|NÃO|7687
NÃO|NÃO|NÃO|NÃO|4594
NÃO|NÃO|NÃO|NÃO|3167
SIM|SIM|NÃO|NÃO|8853
SIM|SIM|NÃO|NÃO|2073
SIM|SIM|NÃO|NÃO|1589
SIM|NÃO|NÃO|SIM|7866
SIM|NÃO|NÃO|SIM|8581
SIM|NÃO|NÃO|SIM|5007
SIM|NÃO|NÃO|SIM|8879
SIM|NÃO|NÃO|SIM|17
SIM|NÃO|NÃO|SIM|8256
SIM|NÃO|NÃO|SIM|8722
SIM|NÃO|NÃO|SIM|7483
SIM|NÃO|NÃO|SIM|5866
SIM|NÃO|NÃO|SIM|7828
SIM|NÃO|NÃO|SIM|5052
NÃO|NÃO|NÃO|NÃO|6653
NÃO|NÃO|NÃO|NÃO|5912
SIM|SIM|sim|SIM|120
SIM|NÃO|NÃO|SIM|5036
SIM|SIM|não|SIM|8910
SIM|NÃO|NÃO|SIM|7730
SIM|NÃO|NÃO|SIM|2545
SIM|NÃO|NÃO|SIM|8141
SIM|NÃO|NÃO|SIM|7653
SIM|NÃO|NÃO|SIM|7488
SIM|SIM|sim|SIM|2982
NÃO|NÃO|NÃO|NÃO|172
SIM|NÃO|NÃO|SIM|2593
SIM|NÃO|NÃO|SIM|9148
SIM|NÃO|NÃO|SIM|8040
SIM|NÃO|NÃO|SIM|7740
SIM|NÃO|NÃO|SIM|6496
NÃO|NÃO|NÃO|NÃO|2800
SIM|SIM|não|SIM|2432
SIM|NÃO|NÃO|SIM|1318
SIM|NÃO|NÃO|SIM|6178
SIM|SIM|sim|SIM|3062
SIM|NÃO|NÃO|SIM|6254
SIM|NÃO|NÃO|SIM|8054
SIM|NÃO|NÃO|SIM|6494
SIM|NÃO|NÃO|SIM|8897
NÃO|NÃO|NÃO|NÃO|388
SIM|NÃO|NÃO|SIM|4968
SIM|SIM|não|SIM|2570
SIM|NÃO|NÃO|SIM|7469
SIM|NÃO|NÃO|SIM|3805
NÃO|NÃO|NÃO|NÃO|4550
SIM|SIM|não|SIM|7626
SIM|NÃO|NÃO|SIM|8508
SIM|SIM|não|SIM|4380
SIM|SIM|sim|SIM|3066
SIM|NÃO|NÃO|SIM|3691
SIM|NÃO|NÃO|SIM|8068
SIM|NÃO|NÃO|SIM|2027
SIM|NÃO|NÃO|SIM|479
SIM|NÃO|NÃO|SIM|6750
NÃO|NÃO|NÃO|NÃO|4466
NÃO|NÃO|NÃO|NÃO|503
NÃO|NÃO|NÃO|NÃO|5692
SIM|NÃO|NÃO|SIM|9128
SIM|SIM|não|SIM|8097
SIM|NÃO|NÃO|SIM|6307
SIM|SIM|não|SIM|550
NÃO|NÃO|NÃO|NÃO|494
SIM|NÃO|NÃO|SIM|585
SIM|NÃO|NÃO|SIM|8267
SIM|NÃO|NÃO|SIM|9400
SIM|SIM|sim|SIM|4628
SIM|NÃO|NÃO|SIM|8070
SIM|NÃO|NÃO|SIM|4352
SIM|NÃO|NÃO|SIM|8050
NÃO|NÃO|NÃO|NÃO|2300
SIM|SIM|não|SIM|622
SIM|SIM|sim|SIM|2255
SIM|NÃO|NÃO|SIM|4847
SIM|NÃO|NÃO|SIM|8028
SIM|NÃO|NÃO|SIM|8423
SIM|NÃO|NÃO|SIM|7995
SIM|NÃO|NÃO|SIM|9801
SIM|NÃO|NÃO|SIM|8069
SIM|NÃO|NÃO|SIM|6036
NÃO|NÃO|NÃO|NÃO|850
NÃO|NÃO|NÃO|NÃO|3917
SIM|SIM|sim|SIM|2298
SIM|NÃO|NÃO|SIM|7600
NÃO|NÃO|NÃO|NÃO|4894
SIM|NÃO|NÃO|SIM|6106
SIM|NÃO|NÃO|SIM|4599
SIM|NÃO|NÃO|SIM|844
SIM|SIM|sim|SIM|2700
SIM|NÃO|NÃO|SIM|7476
SIM|NÃO|NÃO|SIM|7485
NÃO|NÃO|NÃO|NÃO|681
SIM|NÃO|NÃO|SIM|6144
NÃO|NÃO|NÃO|NÃO|3132
SIM|NÃO|NÃO|SIM|4733
SIM|NÃO|NÃO|SIM|2638
SIM|NÃO|NÃO|SIM|5922
SIM|NÃO|NÃO|SIM|741
SIM|NÃO|NÃO|SIM|4484
SIM|NÃO|NÃO|SIM|5915
SIM|NÃO|NÃO|SIM|4488
SIM|SIM|não|SIM|6900
SIM|NÃO|NÃO|SIM|8037
SIM|NÃO|NÃO|SIM|774
SIM|NÃO|NÃO|SIM|5116
SIM|NÃO|NÃO|SIM|139
SIM|NÃO|NÃO|SIM|8042
SIM|NÃO|NÃO|SIM|9922
SIM|NÃO|NÃO|SIM|8345
SIM|NÃO|NÃO|SIM|8889
SIM|NÃO|NÃO|SIM|6501
SIM|NÃO|NÃO|SIM|6555
SIM|NÃO|NÃO|SIM|957
SIM|NÃO|NÃO|SIM|6808
SIM|NÃO|NÃO|SIM|6399
SIM|NÃO|NÃO|SIM|9449
SIM|NÃO|NÃO|SIM|8038
SIM|NÃO|NÃO|SIM|6295
SIM|NÃO|NÃO|SIM|8044
SIM|NÃO|NÃO|SIM|8499
SIM|NÃO|NÃO|SIM|9070
SIM|NÃO|NÃO|SIM|8475
SIM|NÃO|NÃO|SIM|6136
SIM|NÃO|NÃO|SIM|8051
SIM|NÃO|NÃO|SIM|7643
SIM|NÃO|NÃO|SIM|8344
SIM|NÃO|NÃO|SIM|3470
SIM|NÃO|NÃO|SIM|8542
SIM|SIM|não|SIM|6179
SIM|SIM|não|SIM|1017
SIM|NÃO|NÃO|SIM|1035
NÃO|NÃO|NÃO|NÃO|1037
NÃO|NÃO|NÃO|NÃO|1043
NÃO|NÃO|NÃO|NÃO|5141
SIM|NÃO|NÃO|SIM|9907
SIM|NÃO|NÃO|SIM|8603
SIM|NÃO|NÃO|SIM|2001
SIM|NÃO|NÃO|SIM|9814
SIM|NÃO|NÃO|SIM|5028
NÃO|NÃO|NÃO|NÃO|1100
SIM|NÃO|NÃO|SIM|8339
SIM|NÃO|NÃO|SIM|3960
SIM|NÃO|NÃO|SIM|5296
NÃO|NÃO|NÃO|NÃO|3031
SIM|NÃO|NÃO|SIM|3843
SIM|NÃO|NÃO|SIM|8245
SIM|NÃO|NÃO|SIM|8084
SIM|NÃO|NÃO|SIM|2326
SIM|NÃO|NÃO|SIM|1965
SIM|NÃO|NÃO|SIM|7676
NÃO|NÃO|NÃO|NÃO|4551
SIM|NÃO|NÃO|SIM|8514
SIM|NÃO|NÃO|SIM|8083
SIM|NÃO|NÃO|SIM|6914
SIM|NÃO|NÃO|SIM|943
SIM|NÃO|NÃO|SIM|1963
NÃO|NÃO|NÃO|NÃO|3868
SIM|NÃO|NÃO|SIM|8919
SIM|SIM|sim|SIM|6180
SIM|SIM|sim|SIM|8929
SIM|NÃO|NÃO|SIM|9782
NÃO|NÃO|NÃO|NÃO|4941
SIM|NÃO|NÃO|SIM|8082
SIM|NÃO|NÃO|SIM|8300
SIM|NÃO|NÃO|SIM|6042
NÃO|NÃO|NÃO|NÃO|942
SIM|NÃO|NÃO|SIM|2934
SIM|NÃO|NÃO|SIM|984
SIM|NÃO|NÃO|SIM|987
SIM|SIM|não|SIM|2362
SIM|NÃO|NÃO|SIM|3308
NÃO|NÃO|NÃO|NÃO|1096
SIM|NÃO|NÃO|SIM|9307
NÃO|NÃO|NÃO|NÃO|1123
SIM|NÃO|NÃO|SIM|8366
SIM|NÃO|NÃO|SIM|6217
SIM|NÃO|NÃO|SIM|8743
SIM|NÃO|NÃO|SIM|7229
SIM|NÃO|NÃO|SIM|338
SIM|NÃO|NÃO|SIM|3177
SIM|NÃO|NÃO|SIM|4379
SIM|NÃO|NÃO|SIM|6876
SIM|SIM|NÃO|SIM|2258
SIM|SIM|NÃO|SIM|2548
SIM|NÃO|NÃO|SIM|8422
NÃO|NÃO|NÃO|NÃO|4044
SIM|NÃO|NÃO|SIM|6666
SIM|SIM|NÃO|SIM|4463
NÃO|NÃO|NÃO|NÃO|2782
SIM|NÃO|NÃO|SIM|9949
SIM|SIM|SIM|SIM|5896
SIM|SIM|NÃO|SIM|7130
SIM|NÃO|NÃO|SIM|9950
SIM|NÃO|NÃO|SIM|9727
SIM|NÃO|NÃO|SIM|8854
SIM|NÃO|NÃO|SIM|8866
SIM|NÃO|NÃO|SIM|8172
SIM|NÃO|NÃO|SIM|2612
SIM|NÃO|NÃO|SIM|8921
SIM|SIM|NÃO|SIM|4226
NÃO|NÃO|NÃO|NÃO|3977
NÃO|NÃO|NÃO|NÃO|4591
SIM|SIM|NÃO|SIM|2061
SIM|SIM|NÃO|SIM|1469
NÃO|NÃO|NÃO|NÃO|3700
SIM|SIM|NÃO|SIM|4732
SIM|NÃO|NÃO|SIM|1606
SIM|NÃO|NÃO|SIM|9909
SIM|NÃO|NÃO|SIM|9139
SIM|NÃO|NÃO|SIM|8922
SIM|NÃO|NÃO|SIM|4859
SIM|NÃO|NÃO|SIM|3247
SIM|SIM|NÃO|SIM|8555
NÃO|NÃO|NÃO|NÃO|1647
NÃO|NÃO|NÃO|NÃO|2762
SIM|SIM|SIM|SIM|1667
NÃO|NÃO|NÃO|NÃO|4479
SIM|NÃO|NÃO|SIM|612
SIM|NÃO|NÃO|SIM|6309
SIM|SIM|NÃO|SIM|7077
NÃO|NÃO|NÃO|NÃO|2033
SIM|NÃO|NÃO|SIM|7098
SIM|NÃO|NÃO|SIM|5118
SIM|NÃO|NÃO|SIM|8536
NÃO|NÃO|NÃO|NÃO|6863
SIM|NÃO|NÃO|SIM|7680
SIM|NÃO|NÃO|SIM|8515
SIM|NÃO|NÃO|SIM|9923
SIM|NÃO|NÃO|SIM|1347
SIM|NÃO|NÃO|SIM|6360
SIM|NÃO|NÃO|SIM|7819
SIM|NÃO|NÃO|SIM|8693
NÃO|NÃO|NÃO|NÃO|1962
SIM|NÃO|NÃO|SIM|5000
SIM|NÃO|NÃO|SIM|8847
SIM|NÃO|NÃO|SIM|8294
SIM|NÃO|NÃO|SIM|6875
NÃO|NÃO|NÃO|NÃO|3590
SIM|NÃO|NÃO|SIM|4089
SIM|NÃO|NÃO|SIM|925
SIM|NÃO|NÃO|SIM|5286
SIM|NÃO|NÃO|SIM|8080
SIM|NÃO|NÃO|SIM|8074
SIM|NÃO|NÃO|SIM|8072
SIM|NÃO|NÃO|SIM|6945
SIM|NÃO|NÃO|SIM|8299
SIM|SIM|NÃO|SIM|3174
NÃO|NÃO|NÃO|NÃO|2516
SIM|NÃO|NÃO|SIM|6927
SIM|NÃO|NÃO|SIM|3461
SIM|NÃO|NÃO|SIM|3737
SIM|NÃO|NÃO|SIM|3141
NÃO|NÃO|NÃO|NÃO|1924
SIM|NÃO|NÃO|SIM|9860
SIM|NÃO|NÃO|SIM|9110
SIM|NÃO|NÃO|SIM|8146
SIM|NÃO|NÃO|SIM|8071
SIM|NÃO|NÃO|SIM|5023
SIM|NÃO|NÃO|SIM|8111
NÃO|NÃO|NÃO|NÃO|5260
SIM|NÃO|NÃO|SIM|1894
SIM|NÃO|NÃO|SIM|1590
SIM|SIM|NÃO|SIM|8856
SIM|SIM|NÃO|SIM|611
NÃO|NÃO|NÃO|NÃO|3965
SIM|SIM|NÃO|SIM|285
SIM|SIM|NÃO|SIM|1621
SIM|SIM|NÃO|SIM|9458
SIM|SIM|SIM|SIM|7294
SIM|SIM|NÃO|SIM|3618
SIM|NÃO|NÃO|SIM|5203
SIM|NÃO|NÃO|SIM|2214
SIM|NÃO|NÃO|SIM|5433
SIM|NÃO|NÃO|SIM|712
SIM|SIM|SIM|SIM|884
SIM|NÃO|NÃO|SIM|3758
SIM|SIM|NÃO|SIM|8484
NÃO|NÃO|NÃO|NÃO|286
SIM|SIM|SIM|SIM|8695
SIM|NÃO|NÃO|SIM|878
SIM|NÃO|NÃO|SIM|6173
SIM|NÃO|NÃO|SIM|3775
SIM|SIM|NÃO|SIM|9125
SIM|NÃO|NÃO|SIM|2212
SIM|SIM|SIM|SIM|8698
SIM|SIM|SIM|SIM|8728
SIM|SIM|SIM|SIM|1597
SIM|NÃO|NÃO|SIM|8979
SIM|SIM|SIM|SIM|7529
SIM|SIM|NÃO|SIM|2603
SIM|SIM|NÃO|SIM|1435
SIM|SIM|SIM|SIM|2397
SIM|SIM|NÃO|SIM|4111
SIM|SIM|SIM|SIM|1027
SIM|SIM|NÃO|SIM|1990
SIM|SIM|SIM|SIM|6443
SIM|SIM|SIM|SIM|5705
SIM|SIM|NÃO|SIM|3494
SIM|SIM|SIM|SIM|3129
SIM|SIM|NÃO|SIM|7411
SIM|SIM|SIM|SIM|5096
SIM|SIM|NÃO|SIM|2520
SIM|NÃO|NÃO|SIM|4673
SIM|SIM|NÃO|SIM|8066
SIM|SIM|NÃO|SIM|3728
NÃO|NÃO|NÃO|NÃO|8138
SIM|SIM|NÃO|SIM|8197
SIM|SIM|NÃO|SIM|5432
SIM|SIM|SIM|SIM|9256
SIM|SIM|SIM|SIM|2335
SIM|SIM|SIM|SIM|6292
SIM|SIM|NÃO|SIM|1995
SIM|SIM|NÃO|SIM|8191
SIM|NÃO|NÃO|SIM|6533
SIM|SIM|NÃO|SIM|9063
SIM|SIM|SIM|SIM|4622
SIM|SIM|SIM|SIM|2379
SIM|SIM|NÃO|SIM|2873
NÃO|NÃO|NÃO|NÃO|6525
SIM|SIM|NÃO|SIM|1834
SIM|SIM|NÃO|SIM|3215
SIM|NÃO|NÃO|SIM|3621
SIM|SIM|NÃO|SIM|9274
SIM|SIM|SIM|SIM|8309
SIM|SIM|SIM|SIM|1700
SIM|SIM|SIM|SIM|8617
SIM|SIM|NÃO|SIM|8982
SIM|SIM|NÃO|SIM|9117
SIM|SIM|SIM|SIM|6316
SIM|SIM|SIM|SIM|6450
SIM|NÃO|NÃO|SIM|5342
SIM|SIM|SIM|SIM|8229
SIM|NÃO|NÃO|SIM|3102
SIM|SIM|NÃO|SIM|8680
SIM|NÃO|NÃO|SIM|6766
SIM|SIM|SIM|SIM|1432
SIM|NÃO|NÃO|SIM|7759
SIM|NÃO|NÃO|SIM|8208
SIM|SIM|NÃO|SIM|8223
SIM|NÃO|NÃO|SIM|4670
SIM|NÃO|NÃO|SIM|8394
SIM|SIM|SIM|SIM|6776
SIM|SIM|SIM|SIM|3519
SIM|SIM|NÃO|SIM|8837
SIM|SIM|SIM|SIM|2009
SIM|NÃO|NÃO|SIM|6183
NÃO|NÃO|NÃO|NÃO|1164
SIM|NÃO|NÃO|SIM|6067
SIM|NÃO|NÃO|SIM|8441
SIM|SIM|NÃO|SIM|3295
SIM|NÃO|NÃO|SIM|8567
SIM|NÃO|NÃO|SIM|474
SIM|NÃO|NÃO|SIM|3144
SIM|SIM|NÃO|SIM|4257
SIM|NÃO|NÃO|SIM|5596
SIM|NÃO|NÃO|SIM|934
NÃO|NÃO|NÃO|NÃO|7613
SIM|NÃO|NÃO|SIM|6442
SIM|NÃO|NÃO|SIM|193
SIM|SIM|SIM|SIM|265
SIM|SIM|SIM|SIM|2727
SIM|NÃO|NÃO|SIM|1659
SIM|SIM|NÃO|SIM|5594
SIM|SIM|NÃO|SIM|6102
SIM|SIM|SIM|SIM|5757
NÃO|NÃO|NÃO|NÃO|2210
SIM|NÃO|NÃO|SIM|3579
SIM|NÃO|NÃO|SIM|3607
SIM|SIM|SIM|SIM|2327
SIM|SIM|NÃO|SIM|8735
SIM|SIM|NÃO|SIM|2801
SIM|SIM|NÃO|SIM|2521
SIM|SIM|NÃO|SIM|535
SIM|SIM|SIM|SIM|7703
SIM|SIM|NÃO|SIM|3185
SIM|SIM|SIM|SIM|4669
SIM|SIM|NÃO|SIM|4643
SIM|SIM|NÃO|SIM|9479
NÃO|NÃO|NÃO|NÃO|4014
SIM|SIM|NÃO|SIM|9478
SIM|SIM|NÃO|SIM|4467
SIM|SIM|NÃO|SIM|7456
SIM|NÃO|NÃO|SIM|9931
SIM|SIM|SIM|SIM|5204
SIM|SIM|SIM|SIM|5449
SIM|SIM|NÃO|SIM|5559
SIM|SIM|SIM|SIM|2013
SIM|NÃO|NÃO|SIM|7902
SIM|SIM|NÃO|SIM|8139
SIM|SIM|SIM|SIM|2571
SIM|SIM|SIM|SIM|3064
SIM|SIM|NÃO|SIM|267
SIM|SIM|NÃO|SIM|792
SIM|SIM|NÃO|SIM|8770
SIM|SIM|NÃO|SIM|2597
SIM|NÃO|NÃO|SIM|5901
SIM|SIM|SIM|SIM|1929
SIM|NÃO|NÃO|SIM|6022
SIM|SIM|NÃO|SIM|9899
SIM|NÃO|NÃO|SIM|1246
SIM|SIM|NÃO|SIM|9298
NÃO|NÃO|NÃO|NÃO|7619
NÃO|NÃO|NÃO|NÃO|6824
SIM|SIM|NÃO|SIM|8616
SIM|SIM|NÃO|SIM|2648
SIM|SIM|NÃO|SIM|9710
SIM|NÃO|NÃO|SIM|7746
SIM|SIM|SIM|SIM|8507
SIM|SIM|NÃO|SIM|9124
SIM|NÃO|NÃO|SIM|6985
SIM|SIM|NÃO|SIM|1927
SIM|NÃO|NÃO|SIM|4525
SIM|SIM|SIM|SIM|3294
SIM|SIM|NÃO|SIM|336
SIM|NÃO|NÃO|SIM|5338
SIM|NÃO|NÃO|SIM|5787
SIM|SIM|SIM|SIM|4339
SIM|NÃO|NÃO|SIM|8805
SIM|SIM|NÃO|SIM|5653
SIM|NÃO|NÃO|SIM|7541
SIM|SIM|NÃO|SIM|9475
SIM|NÃO|NÃO|SIM|5046
SIM|SIM|NÃO|SIM|727
SIM|SIM|NÃO|SIM|8539
NÃO|NÃO|NÃO|NÃO|8817
SIM|NÃO|NÃO|SIM|1168
SIM|SIM|SIM|SIM|7557
SIM|NÃO|NÃO|SIM|1178
SIM|SIM|SIM|SIM|3202
SIM|NÃO|NÃO|SIM|2428
SIM|SIM|NÃO|SIM|3186
SIM|NÃO|NÃO|SIM|4694
SIM|SIM|NÃO|SIM|8483
SIM|SIM|NÃO|SIM|8599
SIM|SIM|NÃO|SIM|1144
SIM|NÃO|NÃO|SIM|879
SIM|SIM|NÃO|SIM|8518
SIM|SIM|NÃO|SIM|7497
SIM|NÃO|NÃO|SIM|761
SIM|NÃO|NÃO|SIM|4316
SIM|SIM|NÃO|SIM|9473
SIM|NÃO|NÃO|SIM|9996
SIM|NÃO|NÃO|SIM|7901
SIM|SIM|NÃO|SIM|1996
SIM|SIM|SIM|SIM|8195
SIM|SIM|NÃO|SIM|1545
SIM|SIM|NÃO|SIM|9178
SIM|SIM|SIM|SIM|7567
SIM|SIM|NÃO|SIM|1204
SIM|SIM|NÃO|SIM|4002
SIM|SIM|NÃO|SIM|2486
SIM|SIM|NÃO|SIM|8165
SIM|SIM|NÃO|SIM|8981
SIM|SIM|SIM|SIM|2995
SIM|NÃO|NÃO|SIM|8552
SIM|NÃO|NÃO|SIM|8844
SIM|NÃO|NÃO|SIM|3749
SIM|NÃO|NÃO|SIM|1601
SIM|SIM|NÃO|SIM|5550
SIM|SIM|NÃO|SIM|3988
NÃO|NÃO|NÃO|NÃO|3713
NÃO|NÃO|NÃO|NÃO|4776
SIM|SIM|SIM|SIM|2229
SIM|SIM|SIM|SIM|1847
SIM|SIM|SIM|SIM|1364
SIM|NÃO|NÃO|SIM|4260
SIM|SIM|SIM|SIM|6352
SIM|SIM|NÃO|SIM|587
SIM|SIM|SIM|SIM|4426
SIM|NÃO|NÃO|SIM|6821
SIM|SIM|SIM|SIM|2222
SIM|NÃO|NÃO|SIM|8791
SIM|NÃO|NÃO|SIM|9369
SIM|SIM|NÃO|SIM|8678
NÃO|NÃO|NÃO|NÃO|533
SIM|NÃO|NÃO|SIM|3288
SIM|NÃO|NÃO|SIM|5571
SIM|SIM|SIM|SIM|4903
NÃO|NÃO|NÃO|NÃO|1764
SIM|SIM|NÃO|SIM|1335
SIM|NÃO|NÃO|SIM|5881
SIM|SIM|NÃO|SIM|2514
SIM|SIM|NÃO|SIM|3074
SIM|SIM|NÃO|SIM|2881
SIM|SIM|SIM|SIM|2045
SIM|SIM|SIM|SIM|2022
SIM|NÃO|NÃO|SIM|5339
SIM|SIM|SIM|SIM|9228
SIM|NÃO|NÃO|SIM|6794
SIM|SIM|SIM|SIM|2344
SIM|SIM|SIM|SIM|9204
SIM|SIM|SIM|SIM|5019
SIM|SIM|NÃO|SIM|1684
SIM|NÃO|NÃO|SIM|4636
SIM|SIM|NÃO|SIM|793
SIM|SIM|SIM|SIM|5804
SIM|NÃO|NÃO|SIM|2353
SIM|SIM|NÃO|SIM|2024
SIM|SIM|NÃO|SIM|7216
SIM|NÃO|NÃO|SIM|3627
SIM|SIM|SIM|SIM|8227
SIM|SIM|NÃO|SIM|4382
SIM|SIM|SIM|SIM|2483
SIM|NÃO|NÃO|SIM|8045
SIM|SIM|NÃO|SIM|2974
SIM|SIM|NÃO|SIM|5034
SIM|SIM|NÃO|SIM|1230
SIM|SIM|NÃO|SIM|7510
SIM|SIM|NÃO|SIM|1383
NÃO|NÃO|NÃO|NÃO|944
SIM|NÃO|NÃO|SIM|6955
SIM|NÃO|NÃO|SIM|929
SIM|NÃO|NÃO|SIM|7355
SIM|SIM|NÃO|SIM|2119
SIM|SIM|NÃO|SIM|164
SIM|SIM|NÃO|SIM|7956
SIM|SIM|NÃO|SIM|9800
SIM|NÃO|NÃO|SIM|6043
SIM|SIM|NÃO|SIM|8187
SIM|NÃO|NÃO|SIM|5840
SIM|SIM|SIM|SIM|6616
SIM|SIM|NÃO|SIM|9840
SIM|SIM|NÃO|SIM|9152
SIM|SIM|NÃO|SIM|4877
SIM|SIM|SIM|SIM|316
SIM|SIM|SIM|SIM|2687
SIM|SIM|SIM|SIM|5749
SIM|SIM|NÃO|SIM|6511
SIM|SIM|SIM|SIM|321
SIM|SIM|NÃO|SIM|2641
SIM|SIM|NÃO|SIM|4919
SIM|NÃO|NÃO|SIM|6588
SIM|SIM|NÃO|SIM|4156
SIM|NÃO|NÃO|SIM|1190
SIM|NÃO|NÃO|SIM|9301
SIM|SIM|NÃO|SIM|7614
SIM|NÃO|NÃO|SIM|9943
SIM|SIM|SIM|SIM|348
SIM|NÃO|NÃO|SIM|2016
SIM|SIM|NÃO|SIM|6110
SIM|SIM|SIM|SIM|993
SIM|NÃO|NÃO|SIM|6654
SIM|SIM|SIM|SIM|2447
SIM|SIM|NÃO|SIM|1333
NÃO|NÃO|NÃO|NÃO|918
SIM|SIM|NÃO|SIM|413
SIM|SIM|NÃO|SIM|2657
SIM|SIM|NÃO|SIM|6268
SIM|NÃO|NÃO|SIM|6369
SIM|SIM|NÃO|SIM|8716
SIM|SIM|SIM|SIM|1988
SIM|NÃO|NÃO|SIM|5358
SIM|SIM|NÃO|SIM|6744
SIM|SIM|NÃO|SIM|448
SIM|NÃO|NÃO|SIM|1159
SIM|NÃO|NÃO|SIM|466
SIM|NÃO|NÃO|SIM|1415
SIM|SIM|NÃO|SIM|1624
SIM|NÃO|NÃO|SIM|1910
SIM|NÃO|NÃO|SIM|8056
SIM|NÃO|NÃO|SIM|1662
SIM|NÃO|NÃO|SIM|5399
SIM|NÃO|NÃO|SIM|475
SIM|NÃO|NÃO|SIM|2622
SIM|SIM|SIM|SIM|490
SIM|SIM|SIM|SIM|2308
SIM|SIM|NÃO|SIM|8118
SIM|NÃO|NÃO|SIM|9019
SIM|SIM|NÃO|SIM|496
SIM|NÃO|NÃO|SIM|2259
SIM|SIM|NÃO|SIM|2349
SIM|SIM|NÃO|SIM|9131
SIM|SIM|NÃO|SIM|8402
SIM|SIM|NÃO|SIM|522
SIM|NÃO|NÃO|SIM|5057
SIM|NÃO|NÃO|SIM|2346
SIM|NÃO|NÃO|SIM|6315
SIM|SIM|SIM|SIM|7437
SIM|NÃO|NÃO|SIM|5074
SIM|NÃO|NÃO|SIM|586
SIM|SIM|NÃO|SIM|6269
SIM|SIM|SIM|SIM|1280
SIM|SIM|SIM|SIM|5113
SIM|SIM|SIM|SIM|6763
SIM|NÃO|NÃO|SIM|1379
SIM|NÃO|NÃO|SIM|2515
SIM|NÃO|NÃO|SIM|9017
SIM|SIM|NÃO|SIM|4609
SIM|SIM|SIM|SIM|4163
SIM|SIM|SIM|SIM|4218
SIM|SIM|SIM|SIM|872
SIM|SIM|NÃO|SIM|7568
SIM|SIM|SIM|SIM|3068
SIM|SIM|NÃO|SIM|2953
SIM|SIM|SIM|SIM|2788
SIM|NÃO|NÃO|SIM|4527
SIM|SIM|SIM|SIM|3350
SIM|SIM|SIM|SIM|700
SIM|SIM|NÃO|SIM|2533
SIM|NÃO|NÃO|SIM|968
NÃO|NÃO|NÃO|NÃO|668
SIM|NÃO|NÃO|SIM|9275
SIM|SIM|NÃO|SIM|6516
SIM|SIM|SIM|SIM|679
SIM|SIM|SIM|SIM|8547
SIM|SIM|NÃO|SIM|8909
SIM|SIM|SIM|SIM|2610
SIM|SIM|NÃO|SIM|3178
SIM|NÃO|NÃO|SIM|749
SIM|NÃO|NÃO|SIM|1735
SIM|SIM|NÃO|SIM|2931
SIM|SIM|SIM|SIM|773
SIM|SIM|SIM|SIM|2566
SIM|NÃO|NÃO|SIM|3469
SIM|NÃO|NÃO|SIM|9951
SIM|SIM|NÃO|SIM|862
SIM|NÃO|NÃO|SIM|8312
SIM|SIM|NÃO|SIM|6719
SIM|NÃO|NÃO|SIM|1489
SIM|NÃO|NÃO|SIM|1490
SIM|NÃO|NÃO|SIM|4974
SIM|NÃO|NÃO|SIM|2284
SIM|NÃO|NÃO|SIM|951
SIM|NÃO|NÃO|SIM|6573
NÃO|NÃO|NÃO|NÃO|4462
SIM|SIM|SIM|SIM|4412
SIM|NÃO|NÃO|SIM|1739
SIM|NÃO|NÃO|SIM|9075
SIM|SIM|SIM|SIM|7684
SIM|NÃO|NÃO|SIM|2598
SIM|SIM|NÃO|SIM|5197
SIM|SIM|SIM|SIM|2203
NÃO|NÃO|NÃO|NÃO|9016
SIM|SIM|NÃO|SIM|9841
SIM|SIM|SIM|SIM|5422
SIM|SIM|NÃO|SIM|6902
NÃO|NÃO|NÃO|NÃO|3636
SIM|NÃO|NÃO|SIM|1052
SIM|NÃO|NÃO|SIM|9114
SIM|NÃO|NÃO|SIM|1928
SIM|SIM|NÃO|SIM|973
SIM|NÃO|NÃO|SIM|8730
SIM|NÃO|NÃO|SIM|997
SIM|SIM|NÃO|SIM|6009
SIM|NÃO|NÃO|SIM|6008
SIM|SIM|SIM|SIM|2956
SIM|SIM|NÃO|SIM|6594
SIM|SIM|NÃO|SIM|7675
SIM|NÃO|NÃO|SIM|1871
SIM|NÃO|NÃO|SIM|1103
NÃO|NÃO|NÃO|NÃO|1109
SIM|NÃO|NÃO|SIM|2424
SIM|SIM|NÃO|SIM|9316
SIM|SIM|SIM|SIM|2164
SIM|NÃO|NÃO|SIM|8380
SIM|NÃO|NÃO|SIM|2179
SIM|NÃO|NÃO|SIM|6507
SIM|NÃO|NÃO|SIM|5921
SIM|NÃO|NÃO|SIM|5725
NÃO|NÃO|NÃO|NÃO|6104
NÃO|NÃO|NÃO|NÃO|2549
SIM|NÃO|NÃO|SIM|7942
SIM|SIM|SIM|SIM|8696
SIM|SIM|não|SIM|5327
SIM|SIM|SIM|SIM|6380
NÃO|NÃO|NÃO|NÃO|3331
SIM|SIM|SIM|SIM|5361
SIM|NÃO|NÃO|SIM|9066
SIM|NÃO|NÃO|SIM|4216
SIM|NÃO|NÃO|SIM|262
SIM|SIM|NÃO|SIM|2660
SIM|SIM|NÃO|SIM|7079
SIM|SIM|NÃO|SIM|2030
SIM|SIM|SIM|SIM|5055
SIM|NÃO|NÃO|SIM|3456
SIM|NÃO|NÃO|SIM|9116
SIM|SIM|SIM|SIM|7257
NÃO|NÃO|NÃO|NÃO|4605
NÃO|NÃO|NÃO|NÃO|5153
NÃO|NÃO|NÃO|NÃO|1211
SIM|NÃO|NÃO|SIM|1013
SIM|SIM|NÃO|SIM|8203
SIM|SIM|NÃO|SIM|2269
SIM|SIM|NÃO|SIM|8908
SIM|SIM|SIM|SIM|7366
SIM|SIM|SIM|SIM|6592
SIM|SIM|NÃO|SIM|8012
SIM|SIM|NÃO|SIM|5802
NÃO|NÃO|NÃO|NÃO|1596
SIM|NÃO|NÃO|SIM|1600
SIM|SIM|NÃO|SIM|7415
SIM|NÃO|SIM|SIM|1604
SIM|SIM|NÃO|SIM|4415
SIM|NÃO|NÃO|SIM|1608
SIM|SIM|NÃO|SIM|2377
SIM|SIM|SIM|SIM|4350
SIM|NÃO|NÃO|SIM|1223
SIM|SIM|NÃO|SIM|1477
SIM|SIM|NÃO|SIM|6663
NÃO|NÃO|NÃO|NÃO|1658
SIM|NÃO|NÃO|SIM|1661
SIM|NÃO|NÃO|SIM|2531
SIM|NÃO|NÃO|SIM|1087
SIM|SIM|SIM|SIM|1975
SIM|NÃO|NÃO|SIM|3756
NÃO|NÃO|NÃO|NÃO|1255
SIM|SIM|SIM|SIM|1256
SIM|NÃO|NÃO|SIM|1191
SIM|SIM|SIM|SIM|1365
SIM|SIM|NÃO|SIM|8548
NÃO|NÃO|NÃO|NÃO|5516
SIM|SIM|NÃO|SIM|3255
NÃO|NÃO|NÃO|NÃO|4854
SIM|NÃO|NÃO|SIM|6842
SIM|SIM|NÃO|SIM|1831
SIM|NÃO|NÃO|SIM|1419
SIM|SIM|SIM|SIM|2697
SIM|SIM|SIM|SIM|1433
SIM|SIM|NÃO|SIM|3256
SIM|SIM|NÃO|SIM|6097
NÃO|NÃO|NÃO|NÃO|1449
SIM|NÃO|NÃO|SIM|1329
NÃO|NÃO|NÃO|NÃO|2661
SIM|SIM|NÃO|SIM|8145
SIM|SIM|SIM|SIM|4855
SIM|NÃO|NÃO|SIM|1514
SIM|NÃO|NÃO|SIM|7724
SIM|SIM|NÃO|SIM|8480
SIM|NÃO|NÃO|SIM|1481
SIM|SIM|NÃO|SIM|6193
SIM|SIM|SIM|SIM|2064
SIM|SIM|SIM|SIM|2685
SIM|SIM|SIM|SIM|2048
SIM|SIM|SIM|SIM|3508
NÃO|NÃO|NÃO|NÃO|390
SIM|SIM|SIM|SIM|1829
SIM|NÃO|NÃO|SIM|8830
SIM|NÃO|NÃO|SIM|5950
SIM|NÃO|NÃO|SIM|5689
SIM|NÃO|NÃO|SIM|7126
NÃO|NÃO|NÃO|NÃO|8189
SIM|NÃO|NÃO|SIM|6343
SIM|NÃO|NÃO|SIM|8628
SIM|NÃO|NÃO|SIM|5785
SIM|NÃO|NÃO|SIM|5491
SIM|NÃO|NÃO|SIM|327
NÃO|NÃO|NÃO|NÃO|6528
SIM|NÃO|NÃO|SIM|9747
SIM|NÃO|NÃO|SIM|4747
SIM|NÃO|NÃO|SIM|9673
NÃO|NÃO|NÃO|NÃO|6320
SIM|NÃO|NÃO|SIM|5435
SIM|NÃO|NÃO|SIM|8089
SIM|NÃO|NÃO|SIM|5492
SIM|NÃO|NÃO|SIM|6152
SIM|NÃO|NÃO|SIM|5572
SIM|NÃO|NÃO|SIM|8997
SIM|NÃO|NÃO|SIM|8668
SIM|NÃO|NÃO|SIM|9873
SIM|NÃO|NÃO|SIM|3135
SIM|NÃO|NÃO|SIM|9325
SIM|NÃO|NÃO|SIM|8809
SIM|NÃO|NÃO|SIM|308
SIM|NÃO|NÃO|SIM|4793
NÃO|NÃO|NÃO|NÃO|5682
SIM|NÃO|NÃO|SIM|4824
SIM|NÃO|NÃO|SIM|9425
NÃO|NÃO|NÃO|NÃO|7907
SIM|NÃO|NÃO|SIM|4362
SIM|NÃO|NÃO|SIM|895
SIM|NÃO|NÃO|SIM|835
SIM|NÃO|NÃO|SIM|6779
SIM|NÃO|NÃO|SIM|8226
SIM|NÃO|NÃO|SIM|1629
SIM|NÃO|NÃO|SIM|4629
SIM|NÃO|NÃO|SIM|4730
SIM|NÃO|NÃO|SIM|5493
SIM|NÃO|NÃO|SIM|6263
NÃO|NÃO|NÃO|NÃO|5925
SIM|NÃO|NÃO|SIM|8122
SIM|NÃO|NÃO|SIM|3796
SIM|NÃO|NÃO|SIM|9146
SIM|NÃO|NÃO|SIM|1478
SIM|NÃO|NÃO|SIM|8865
SIM|NÃO|NÃO|SIM|948
SIM|NÃO|NÃO|SIM|596
SIM|NÃO|NÃO|SIM|4878
SIM|NÃO|NÃO|SIM|5538
SIM|NÃO|NÃO|SIM|2213
SIM|NÃO|NÃO|SIM|3556
SIM|NÃO|NÃO|SIM|3644
SIM|NÃO|NÃO|SIM|1787
SIM|NÃO|NÃO|SIM|9474
SIM|NÃO|NÃO|SIM|8771
SIM|NÃO|NÃO|SIM|8078
SIM|NÃO|NÃO|SIM|9939
SIM|NÃO|NÃO|SIM|8238
SIM|NÃO|NÃO|SIM|8215
SIM|NÃO|NÃO|SIM|1788
NÃO|NÃO|NÃO|NÃO|5472
SIM|NÃO|NÃO|SIM|5612
SIM|NÃO|NÃO|SIM|37
SIM|NÃO|NÃO|SIM|6738
SIM|NÃO|NÃO|SIM|1200
SIM|NÃO|NÃO|SIM|8351
SIM|NÃO|NÃO|SIM|6911
SIM|NÃO|NÃO|SIM|8878
SIM|NÃO|NÃO|SIM|6058
SIM|NÃO|NÃO|SIM|8149
SIM|NÃO|NÃO|SIM|8088
SIM|NÃO|NÃO|SIM|8007
SIM|NÃO|NÃO|SIM|8333
SIM|NÃO|NÃO|SIM|8291
SIM|NÃO|NÃO|SIM|8120
SIM|NÃO|NÃO|SIM|8877
SIM|NÃO|NÃO|SIM|5484
SIM|NÃO|NÃO|SIM|7692
SIM|NÃO|NÃO|SIM|9748
SIM|NÃO|NÃO|SIM|4883
SIM|NÃO|NÃO|SIM|7508
SIM|NÃO|NÃO|SIM|7644
SIM|NÃO|NÃO|SIM|908
SIM|NÃO|NÃO|SIM|3164
SIM|NÃO|NÃO|SIM|8565
SIM|NÃO|NÃO|SIM|3642
SIM|NÃO|NÃO|SIM|8236
SIM|NÃO|NÃO|SIM|9889
SIM|NÃO|NÃO|SIM|7309
SIM|NÃO|NÃO|SIM|1585
SIM|NÃO|NÃO|SIM|9406
SIM|NÃO|NÃO|SIM|1767
SIM|NÃO|NÃO|SIM|1793
NÃO|NÃO|NÃO|NÃO|6336
SIM|NÃO|NÃO|SIM|168
SIM|NÃO|NÃO|SIM|4630
SIM|NÃO|NÃO|SIM|5512
SIM|NÃO|NÃO|SIM|332
SIM|NÃO|NÃO|SIM|4896
SIM|NÃO|NÃO|SIM|6834
SIM|NÃO|NÃO|SIM|1901
SIM|NÃO|NÃO|SIM|8763
SIM|NÃO|NÃO|SIM|461
SIM|NÃO|NÃO|SIM|9224
SIM|NÃO|NÃO|SIM|2363
SIM|NÃO|NÃO|SIM|3393
SIM|NÃO|NÃO|SIM|5490
SIM|NÃO|NÃO|SIM|4117
SIM|NÃO|NÃO|SIM|4757
SIM|NÃO|NÃO|SIM|292
SIM|NÃO|NÃO|SIM|6306
NÃO|NÃO|NÃO|NÃO|8057
SIM|NÃO|NÃO|SIM|5549
SIM|NÃO|NÃO|SIM|4395
NÃO|NÃO|NÃO|NÃO|5513
SIM|NÃO|NÃO|SIM|8200
SIM|NÃO|NÃO|SIM|9911
SIM|NÃO|NÃO|SIM|6164
SIM|NÃO|NÃO|SIM|8626
SIM|NÃO|NÃO|SIM|5322
SIM|NÃO|NÃO|SIM|6054
SIM|NÃO|NÃO|SIM|4264
SIM|NÃO|NÃO|SIM|7822
SIM|NÃO|NÃO|SIM|1961
SIM|NÃO|NÃO|SIM|9248
SIM|NÃO|NÃO|SIM|629
SIM|NÃO|NÃO|SIM|595
SIM|NÃO|NÃO|SIM|1080
SIM|NÃO|NÃO|SIM|9051
SIM|NÃO|NÃO|SIM|9226
SIM|NÃO|NÃO|SIM|5474
SIM|NÃO|NÃO|SIM|5497
SIM|NÃO|NÃO|SIM|2658
NÃO|NÃO|NÃO|NÃO|5473
SIM|NÃO|NÃO|SIM|9344
SIM|NÃO|NÃO|SIM|8732
NÃO|NÃO|NÃO|NÃO|6646
SIM|NÃO|NÃO|SIM|8414
SIM|NÃO|NÃO|SIM|8237
SIM|NÃO|NÃO|SIM|9101
SIM|NÃO|NÃO|SIM|5744
SIM|NÃO|NÃO|SIM|5837
SIM|NÃO|NÃO|SIM|922
SIM|NÃO|NÃO|SIM|8912
SIM|NÃO|NÃO|SIM|8107
SIM|NÃO|NÃO|SIM|5480
NÃO|NÃO|NÃO|NÃO|1638
SIM|NÃO|NÃO|SIM|465
SIM|NÃO|NÃO|SIM|5283
SIM|NÃO|NÃO|SIM|5814
SIM|NÃO|NÃO|SIM|2280
SIM|NÃO|NÃO|SIM|5693
SIM|NÃO|NÃO|SIM|2964
SIM|NÃO|NÃO|SIM|7852
SIM|NÃO|NÃO|SIM|4976
SIM|NÃO|NÃO|SIM|2199
SIM|NÃO|NÃO|SIM|8692
SIM|NÃO|NÃO|SIM|5247
SIM|NÃO|NÃO|SIM|3194
NÃO|NÃO|NÃO|NÃO|5854
SIM|NÃO|NÃO|SIM|6231
SIM|NÃO|NÃO|SIM|1922
SIM|NÃO|NÃO|SIM|161
SIM|NÃO|NÃO|SIM|8674
SIM|NÃO|NÃO|SIM|6754
SIM|NÃO|NÃO|SIM|8412
SIM|NÃO|NÃO|SIM|4709
SIM|NÃO|NÃO|SIM|347
SIM|NÃO|NÃO|SIM|7361
SIM|NÃO|NÃO|SIM|7751
SIM|NÃO|NÃO|SIM|4703
SIM|NÃO|NÃO|SIM|7515
SIM|NÃO|NÃO|SIM|4610
SIM|NÃO|NÃO|SIM|9303
SIM|NÃO|NÃO|SIM|3411
SIM|NÃO|NÃO|SIM|6775
SIM|NÃO|NÃO|SIM|8868
SIM|NÃO|NÃO|SIM|3706
SIM|NÃO|NÃO|SIM|8684
SIM|NÃO|NÃO|SIM|455
SIM|NÃO|NÃO|SIM|7928
SIM|NÃO|NÃO|SIM|3804
SIM|NÃO|NÃO|SIM|9247
SIM|NÃO|NÃO|SIM|5948
SIM|NÃO|NÃO|SIM|8199
SIM|NÃO|NÃO|SIM|5210
SIM|NÃO|NÃO|SIM|7500
SIM|NÃO|NÃO|SIM|7579
SIM|NÃO|NÃO|SIM|5479
SIM|NÃO|NÃO|SIM|8775
SIM|NÃO|NÃO|SIM|7243
SIM|NÃO|NÃO|SIM|6778
SIM|NÃO|NÃO|SIM|6770
SIM|NÃO|NÃO|SIM|8671
SIM|NÃO|NÃO|SIM|518
SIM|NÃO|NÃO|SIM|9095
SIM|NÃO|NÃO|SIM|1724
NÃO|NÃO|NÃO|NÃO|7763
SIM|NÃO|NÃO|SIM|8841
SIM|NÃO|NÃO|SIM|6513
SIM|NÃO|NÃO|SIM|2337
SIM|NÃO|NÃO|SIM|8590
SIM|NÃO|NÃO|SIM|7908
SIM|NÃO|NÃO|SIM|5500
SIM|NÃO|NÃO|SIM|8295
SIM|NÃO|NÃO|SIM|6077
SIM|NÃO|NÃO|SIM|8110
SIM|NÃO|NÃO|SIM|7059
SIM|NÃO|NÃO|SIM|8431
NÃO|NÃO|NÃO|NÃO|1386
SIM|NÃO|NÃO|SIM|8177
SIM|NÃO|NÃO|SIM|5723
SIM|NÃO|NÃO|SIM|5501
SIM|NÃO|NÃO|SIM|1973
SIM|NÃO|NÃO|SIM|6075
SIM|NÃO|NÃO|SIM|9401
SIM|NÃO|NÃO|SIM|9674
SIM|NÃO|NÃO|SIM|493
SIM|NÃO|NÃO|SIM|8681
SIM|NÃO|NÃO|SIM|7555
SIM|NÃO|NÃO|SIM|5195
NÃO|NÃO|NÃO|NÃO|9278
SIM|NÃO|NÃO|SIM|7616
SIM|NÃO|NÃO|SIM|4399
SIM|NÃO|NÃO|SIM|9788
SIM|NÃO|NÃO|SIM|4810
SIM|NÃO|NÃO|SIM|8953
SIM|NÃO|NÃO|SIM|5605
SIM|NÃO|NÃO|SIM|5477
SIM|NÃO|NÃO|SIM|9675
SIM|NÃO|NÃO|SIM|1580
NÃO|NÃO|NÃO|NÃO|5947
SIM|NÃO|NÃO|SIM|8559
SIM|NÃO|NÃO|SIM|6449
SIM|NÃO|NÃO|SIM|6634
NÃO|NÃO|NÃO|NÃO|5811
NÃO|NÃO|NÃO|NÃO|1437
SIM|NÃO|NÃO|SIM|510
SIM|NÃO|NÃO|SIM|8573
SIM|NÃO|NÃO|SIM|9910
SIM|NÃO|NÃO|SIM|3440
SIM|NÃO|NÃO|SIM|6192
SIM|NÃO|NÃO|SIM|5250
SIM|NÃO|NÃO|SIM|5476
SIM|NÃO|NÃO|SIM|1539
SIM|NÃO|NÃO|SIM|7789
SIM|NÃO|NÃO|SIM|6583
SIM|NÃO|NÃO|SIM|4421
SIM|NÃO|NÃO|SIM|5987
SIM|NÃO|NÃO|SIM|5598
SIM|NÃO|NÃO|SIM|3160
SIM|NÃO|NÃO|SIM|4790
SIM|NÃO|NÃO|SIM|2507
SIM|NÃO|NÃO|SIM|5503
SIM|NÃO|NÃO|SIM|9170
SIM|NÃO|NÃO|SIM|8178
SIM|SIM|NÃO|SIM|6593
SIM|SIM|NÃO|SIM|2194
SIM|SIM|NÃO|SIM|7209
SIM|SIM|NÃO|SIM|6597
SIM|SIM|NÃO|SIM|9454
SIM|SIM|SIM|SIM|7288
SIM|SIM|NÃO|SIM|5645
SIM|SIM|NÃO|SIM|7166
SIM|SIM|NÃO|SIM|5824
SIM|SIM|NÃO|SIM|7017
NÃO|NÃO|NÃO|NÃO|5812
SIM|SIM|NÃO|SIM|135
SIM|SIM|NÃO|SIM|7222
SIM|SIM|SIM|SIM|5823
SIM|SIM|SIM|SIM|7056
SIM|SIM|SIM|SIM|7139
SIM|SIM|SIM|SIM|7140
SIM|SIM|NÃO|SIM|1818
SIM|SIM|SIM|SIM|8526
SIM|SIM|SIM|SIM|7223
SIM|SIM|SIM|SIM|7235
SIM|SIM|SIM|SIM|7250
SIM|SIM|NÃO|SIM|8925
SIM|SIM|SIM|SIM|7147
SIM|SIM|NÃO|SIM|7988
SIM|SIM|SIM|SIM|6968
SIM|SIM|NÃO|SIM|9651
SIM|SIM|SIM|SIM|7003
SIM|SIM|NÃO|SIM|8105
SIM|SIM|NÃO|SIM|6988
SIM|SIM|SIM|SIM|7260
SIM|SIM|SIM|SIM|8806
SIM|SIM|SIM|SIM|5421
SIM|SIM|NÃO|SIM|1462
SIM|SIM|SIM|SIM|9169
SIM|SIM|SIM|SIM|5562
SIM|SIM|SIM|SIM|1218
SIM|SIM|NÃO|SIM|4914
SIM|SIM|NÃO|SIM|7127
SIM|SIM|SIM|SIM|7203
SIM|SIM|SIM|SIM|7683
SIM|SIM|NÃO|SIM|8820
SIM|SIM|SIM|SIM|7270
SIM|SIM|NÃO|SIM|3384
SIM|SIM|SIM|SIM|1485
SIM|SIM|SIM|SIM|892
SIM|SIM|SIM|SIM|7359
SIM|SIM|SIM|SIM|7013
SIM|SIM|NÃO|SIM|714
SIM|SIM|NÃO|SIM|8184
SIM|SIM|SIM|SIM|7535
SIM|SIM|SIM|SIM|7195
SIM|SIM|NÃO|SIM|1859
NÃO|NÃO|NÃO|NÃO|5772
SIM|SIM|NÃO|SIM|7351
SIM|SIM|SIM|SIM|7107
SIM|SIM|NÃO|SIM|6584
SIM|SIM|NÃO|SIM|9149
SIM|SIM|NÃO|SIM|6739
SIM|SIM|NÃO|SIM|7835
SIM|SIM|SIM|SIM|7960
SIM|SIM|SIM|SIM|5602
SIM|SIM|NÃO|SIM|7755
SIM|SIM|NÃO|SIM|7057
SIM|SIM|SIM|SIM|7761
SIM|SIM|NÃO|SIM|7154
SIM|SIM|SIM|SIM|6946
SIM|SIM|SIM|SIM|7061
SIM|SIM|NÃO|SIM|7433
SIM|SIM|NÃO|SIM|5510
SIM|SIM|NÃO|SIM|7333
SIM|NÃO|NÃO|SIM|5556
SIM|SIM|SIM|SIM|7134
SIM|SIM|NÃO|SIM|9683
SIM|SIM|NÃO|SIM|4704
SIM|SIM|SIM|SIM|6984
SIM|SIM|SIM|SIM|3748
SIM|SIM|NÃO|SIM|1463
SIM|SIM|NÃO|SIM|7159
NÃO|NÃO|NÃO|NÃO|5773
SIM|SIM|SIM|SIM|7081
SIM|SIM|NÃO|SIM|5832
SIM|SIM|NÃO|SIM|7176
SIM|SIM|NÃO|SIM|8003
SIM|SIM|NÃO|SIM|8362
SIM|SIM|SIM|SIM|7234
SIM|SIM|SIM|SIM|8645
SIM|SIM|NÃO|SIM|3750
SIM|SIM|SIM|SIM|438
SIM|SIM|SIM|SIM|3071
SIM|SIM|NÃO|SIM|4741
SIM|SIM|SIM|SIM|3568
SIM|SIM|NÃO|SIM|7534
SIM|SIM|SIM|SIM|7185
SIM|SIM|NÃO|SIM|7336
SIM|SIM|SIM|SIM|2412
SIM|SIM|SIM|SIM|7283
SIM|NÃO|NÃO|SIM|8629
SIM|SIM|NÃO|SIM|9416
SIM|SIM|NÃO|SIM|7334
SIM|SIM|NÃO|SIM|865
SIM|SIM|NÃO|SIM|6990
SIM|SIM|NÃO|SIM|8006
SIM|SIM|SIM|SIM|7113
SIM|SIM|SIM|SIM|6969
SIM|SIM|SIM|SIM|289
SIM|SIM|NÃO|SIM|7086
SIM|SIM|NÃO|SIM|8087
SIM|SIM|NÃO|SIM|6595
SIM|SIM|NÃO|SIM|4641
SIM|SIM|NÃO|SIM|7278
SIM|SIM|NÃO|SIM|861
SIM|SIM|SIM|SIM|4900
SIM|SIM|NÃO|SIM|8192
SIM|SIM|SIM|SIM|7002
SIM|SIM|SIM|SIM|7271
SIM|SIM|NÃO|SIM|9289
SIM|SIM|SIM|SIM|7088
SIM|SIM|NÃO|SIM|7390
SIM|SIM|NÃO|SIM|6998
SIM|SIM|NÃO|SIM|8513
SIM|SIM|NÃO|SIM|1281
SIM|SIM|NÃO|SIM|6976
SIM|SIM|NÃO|SIM|8807
SIM|SIM|SIM|SIM|5918
SIM|SIM|NÃO|SIM|7849
SIM|SIM|NÃO|SIM|9493
SIM|SIM|SIM|SIM|2006
SIM|SIM|NÃO|SIM|4660
SIM|SIM|SIM|SIM|7396
SIM|SIM|SIM|SIM|7699
SIM|SIM|SIM|SIM|7146
SIM|SIM|NÃO|SIM|4804
SIM|SIM|NÃO|SIM|6581
SIM|SIM|NÃO|SIM|2662
SIM|SIM|NÃO|SIM|7883
SIM|SIM|SIM|SIM|9212
SIM|SIM|SIM|SIM|7152
SIM|SIM|NÃO|SIM|8963
SIM|SIM|SIM|SIM|7374
SIM|SIM|NÃO|SIM|5634
SIM|SIM|NÃO|SIM|826
SIM|SIM|SIM|SIM|4814
SIM|SIM|NÃO|SIM|4811
SIM|SIM|NÃO|SIM|6681
SIM|SIM|NÃO|SIM|1860
SIM|SIM|SIM|SIM|6978
SIM|SIM|SIM|SIM|6986
SIM|SIM|SIM|SIM|6987
SIM|SIM|SIM|SIM|7020
SIM|SIM|SIM|SIM|6991
SIM|SIM|SIM|SIM|6697
SIM|SIM|NÃO|SIM|5690
SIM|SIM|NÃO|SIM|4173
SIM|SIM|NÃO|SIM|8019
SIM|SIM|NÃO|SIM|854
SIM|SIM|NÃO|SIM|6963
SIM|SIM|NÃO|SIM|682
SIM|SIM|SIM|SIM|5900
SIM|SIM|SIM|SIM|186
SIM|SIM|NÃO|SIM|1937
SIM|SIM|SIM|SIM|6989
SIM|SIM|SIM|SIM|1039
SIM|SIM|NÃO|SIM|8834
SIM|SIM|NÃO|SIM|8586
SIM|SIM|NÃO|SIM|3059
SIM|SIM|NÃO|SIM|6965
SIM|SIM|NÃO|SIM|1542
SIM|SIM|SIM|SIM|7183
SIM|SIM|NÃO|SIM|1729
SIM|SIM|NÃO|SIM|4486
SIM|SIM|NÃO|SIM|7268
SIM|SIM|NÃO|SIM|1323
SIM|SIM|SIM|SIM|6556
SIM|SIM|SIM|SIM|7019
SIM|SIM|NÃO|SIM|422
SIM|SIM|NÃO|SIM|1192
SIM|SIM|SIM|SIM|7655
SIM|NÃO|NÃO|SIM|5978
SIM|SIM|SIM|SIM|7080
SIM|SIM|SIM|SIM|1149
SIM|SIM|SIM|SIM|6966
SIM|SIM|SIM|SIM|7022
SIM|SIM|NÃO|SIM|2411
NÃO|NÃO|NÃO|NÃO|8888
SIM|SIM|NÃO|SIM|7100
SIM|SIM|NÃO|SIM|6964
SIM|SIM|NÃO|SIM|5026
SIM|SIM|SIM|SIM|7076
SIM|SIM|NÃO|SIM|1345
SIM|SIM|SIM|SIM|7170
SIM|SIM|NÃO|SIM|9399
SIM|SIM|NÃO|SIM|5953
SIM|SIM|NÃO|SIM|7685
SIM|SIM|SIM|SIM|7249
SIM|SIM|NÃO|SIM|7116
SIM|NÃO|NÃO|SIM|8018
SIM|SIM|NÃO|SIM|6999
SIM|SIM|NÃO|SIM|9180
SIM|SIM|SIM|SIM|7184
SIM|SIM|NÃO|SIM|1040
SIM|SIM|SIM|SIM|6993
SIM|SIM|SIM|SIM|5187
SIM|SIM|NÃO|SIM|5957
SIM|SIM|NÃO|SIM|7049
SIM|NÃO|NÃO|SIM|876
SIM|SIM|SIM|SIM|4384
SIM|NÃO|NÃO|SIM|8726
SIM|SIM|NÃO|SIM|662
SIM|SIM|NÃO|SIM|8896
NÃO|NÃO|NÃO|NÃO|5442
SIM|SIM|SIM|SIM|266
SIM|SIM|SIM|SIM|7091
SIM|SIM|NÃO|SIM|3395
SIM|SIM|SIM|SIM|2147
SIM|SIM|NÃO|SIM|7106
SIM|SIM|NÃO|SIM|4634
SIM|SIM|NÃO|SIM|7054
SIM|SIM|NÃO|SIM|6546
SIM|SIM|NÃO|SIM|7957
SIM|SIM|SIM|SIM|7475
SIM|SIM|SIM|SIM|1751
SIM|SIM|SIM|SIM|7833
SIM|SIM|NÃO|SIM|9681
SIM|SIM|NÃO|SIM|7700
SIM|NÃO|NÃO|SIM|5701
SIM|SIM|NÃO|SIM|7043
SIM|SIM|NÃO|SIM|8554
SIM|SIM|NÃO|SIM|7950
SIM|SIM|NÃO|SIM|1843
SIM|SIM|NÃO|SIM|7045
SIM|SIM|NÃO|SIM|4862
SIM|SIM|SIM|SIM|8086
SIM|SIM|SIM|SIM|7177
SIM|SIM|NÃO|SIM|8474
SIM|SIM|NÃO|SIM|5836
SIM|SIM|SIM|SIM|6967
