ABASE ON-LINE|ZOETIS|ZOETIS ÉTICOS|CÓDIGO
NÃO|NÃO|NÃO|5648
SIM|SIM|SIM|731
NÃO|NÃO|NÃO|7406
NÃO|NÃO|NÃO|6497
NÃO|NÃO|NÃO|921
NÃO|NÃO|NÃO|136
NÃO|NÃO|NÃO|137
SIM|SIM|SIM|9232
SIM|SIM|SIM|729
SIM|SIM|NÃO|8758
SIM|SIM|SIM|8206
NÃO|NÃO|NÃO|7640
NÃO|NÃO|NÃO|8437
SIM|SIM|SIM|2442
NÃO|NÃO|NÃO|4961
SIM|SIM|SIM|7868
NÃO|NÃO|NÃO|5868
SIM|SIM|NÃO|3131
SIM|SIM|SIM|1127
SIM|SIM|NÃO|520
NÃO|NÃO|NÃO|8891
SIM|SIM|NÃO|7793
SIM|SIM|SIM|80
SIM|SIM|SIM|8186
SIM|SIM|NÃO|5666
SIM|SIM|NÃO|8073
SIM|SIM|NÃO|8930
SIM|SIM|NÃO|6590
SIM|SIM|NÃO|8713
SIM|SIM|NÃO|4545
SIM|SIM|NÃO|1565
SIM|SIM|SIM|8207
SIM|SIM|SIM|5584
SIM|SIM|SIM|8733
SIM|SIM|SIM|5867
SIM|SIM|NÃO|4656
NÃO|NÃO|NÃO|9490
SIM|SIM|SIM|1900
SIM|SIM|SIM|4712
NÃO|NÃO|NÃO|6400
SIM|SIM|NÃO|725
SIM|SIM|NÃO|8701
NÃO|NÃO|NÃO|7862
SIM|SIM|NÃO|5756
SIM|SIM|SIM|3810
SIM|SIM|NÃO|7688
SIM|SIM|NÃO|1762
SIM|SIM|SIM|4442
NÃO|NÃO|NÃO|567
SIM|SIM|SIM|5133
NÃO|NÃO|NÃO|9254
NÃO|NÃO|NÃO|2270
NÃO|NÃO|NÃO|9489
SIM|SIM|SIM|2567
NÃO|NÃO|NÃO|2223
SIM|SIM|SIM|6154
SIM|SIM|SIM|1980
SIM|SIM|SIM|5344
NÃO|NÃO|NÃO|2106
SIM|SIM|NÃO|6636
SIM|SIM|SIM|1563
NÃO|NÃO|NÃO|405
NÃO|NÃO|NÃO|8308
NÃO|NÃO|NÃO|2438
SIM|SIM|SIM|3056
SIM|SIM|SIM|4324
SIM|SIM|NÃO|708
SIM|SIM|SIM|5397
SIM|SIM|NÃO|8010
SIM|SIM|SIM|4214
SIM|SIM|SIM|8262
NÃO|NÃO|NÃO|4194
NÃO|NÃO|NÃO|1953
SIM|SIM|SIM|6386
SIM|SIM|NÃO|2554
SIM|SIM|NÃO|2433
SIM|SIM|SIM|5170
SIM|SIM|SIM|236
NÃO|NÃO|NÃO|3133
NÃO|NÃO|NÃO|5199
SIM|SIM|NÃO|5825
NÃO|NÃO|NÃO|2281
NÃO|NÃO|NÃO|6486
SIM|SIM|NÃO|3605
SIM|SIM|NÃO|805
NÃO|NÃO|NÃO|7522
SIM|SIM|NÃO|8075
SIM|SIM|NÃO|9167
SIM|SIM|SIM|5029
NÃO|NÃO|NÃO|8737
SIM|SIM|SIM|3126
NÃO|NÃO|NÃO|7994
NÃO|NÃO|NÃO|7401
NÃO|NÃO|NÃO|1470
SIM|SIM|NÃO|5758
NÃO|NÃO|NÃO|7912
SIM|SIM|NÃO|7936
SIM|SIM|SIM|5308
NÃO|NÃO|NÃO|6206
SIM|SIM|SIM|5889
SIM|SIM|SIM|1147
SIM|SIM|SIM|8315
SIM|SIM|SIM|8691
SIM|SIM|SIM|8659
SIM|SIM|SIM|9266
NÃO|NÃO|NÃO|6514
NÃO|NÃO|NÃO|4754
SIM|SIM|NÃO|2647
NÃO|NÃO|NÃO|5527
NÃO|NÃO|NÃO|2985
NÃO|NÃO|NÃO|2256
SIM|SIM|NÃO|3352
NÃO|NÃO|NÃO|5708
SIM|SIM|NÃO|7419
SIM|SIM|NÃO|5553
SIM|SIM|NÃO|625
NÃO|NÃO|NÃO|5677
NÃO|NÃO|NÃO|2389
NÃO|NÃO|NÃO|4423
SIM|SIM|NÃO|6114
SIM|SIM|NÃO|9918
SIM|SIM|NÃO|8943
SIM|SIM|NÃO|9453
SIM|SIM|NÃO|443
SIM|SIM|SIM|8610
SIM|SIM|NÃO|726
SIM|SIM|NÃO|2146
NÃO|NÃO|NÃO|6524
SIM|SIM|SIM|3030
SIM|SIM|NÃO|6949
SIM|SIM|SIM|3546
SIM|SIM|NÃO|2957
NÃO|NÃO|NÃO|6995
SIM|SIM|SIM|8282
SIM|SIM|NÃO|7148
SIM|SIM|NÃO|4051
SIM|SIM|NÃO|6943
SIM|SIM|NÃO|6992
SIM|SIM|NÃO|8190
SIM|SIM|NÃO|2580
SIM|SIM|NÃO|3272
SIM|SIM|SIM|7141
SIM|SIM|SIM|2437
SIM|SIM|SIM|7638
SIM|SIM|SIM|9213
SIM|SIM|NÃO|6493
SIM|SIM|NÃO|7227
SIM|SIM|NÃO|5775
SIM|SIM|NÃO|1488
NÃO|NÃO|NÃO|7618
SIM|SIM|SIM|7521
SIM|SIM|SIM|8962
SIM|SIM|SIM|6117
SIM|SIM|NÃO|7104
SIM|SIM|SIM|7008
SIM|NÃO|NÃO|9218
SIM|SIM|SIM|6957
SIM|SIM|NÃO|8786
SIM|SIM|NÃO|7846
SIM|SIM|SIM|6757
SIM|SIM|NÃO|5577
SIM|SIM|NÃO|1573
SIM|SIM|SIM|6195
SIM|SIM|NÃO|6518
SIM|SIM|NÃO|8317
SIM|SIM|SIM|5806
SIM|SIM|NÃO|765
SIM|SIM|NÃO|9349
SIM|SIM|NÃO|3447
SIM|SIM|SIM|5945
SIM|SIM|SIM|6011
SIM|SIM|NÃO|7204
SIM|SIM|NÃO|5651
SIM|SIM|NÃO|7040
SIM|SIM|SIM|8392
SIM|SIM|SIM|6652
SIM|SIM|SIM|6994
SIM|SIM|NÃO|6960
SIM|SIM|NÃO|7041
SIM|SIM|NÃO|739
SIM|SIM|SIM|7178
SIM|SIM|NÃO|7167
SIM|SIM|SIM|2955
NÃO|NÃO|NÃO|5618
SIM|SIM|NÃO|784
SIM|SIM|SIM|7314
SIM|SIM|SIM|838
SIM|SIM|SIM|2376
SIM|SIM|NÃO|8885
SIM|SIM|SIM|4337
SIM|SIM|SIM|2794
SIM|SIM|NÃO|8104
SIM|SIM|NÃO|8784
SIM|SIM|NÃO|703
SIM|SIM|NÃO|183
SIM|SIM|NÃO|8845
SIM|SIM|NÃO|6975
SIM|SIM|SIM|7327
SIM|SIM|SIM|2074
SIM|SIM|NÃO|7552
SIM|SIM|NÃO|3318
SIM|SIM|NÃO|7698
NÃO|NÃO|NÃO|923
SIM|SIM|SIM|4066
SIM|SIM|NÃO|287
SIM|SIM|NÃO|709
SIM|SIM|NÃO|4777
SIM|SIM|SIM|2983
SIM|SIM|SIM|9243
SIM|SIM|NÃO|1484
SIM|SIM|NÃO|6948
SIM|SIM|NÃO|8840
SIM|SIM|SIM|7501
SIM|SIM|NÃO|7586
SIM|SIM|NÃO|7082
SIM|NÃO|NÃO|8241
SIM|SIM|NÃO|7554
SIM|SIM|SIM|986
SIM|NÃO|NÃO|9353
SIM|SIM|NÃO|6194
SIM|SIM|SIM|7383
SIM|SIM|SIM|4503
SIM|SIM|NÃO|1361
SIM|NÃO|NÃO|9217
SIM|SIM|NÃO|7225
SIM|SIM|NÃO|6803
SIM|SIM|SIM|7605
SIM|SIM|SIM|3224
SIM|SIM|SIM|7382
SIM|SIM|SIM|7916
SIM|SIM|NÃO|9915
SIM|SIM|NÃO|7259
SIM|SIM|NÃO|6909
SIM|SIM|NÃO|8580
SIM|SIM|NÃO|8717
SIM|SIM|SIM|7036
SIM|SIM|NÃO|6771
SIM|SIM|NÃO|6255
SIM|NÃO|NÃO|3628
SIM|SIM|SIM|7012
SIM|SIM|NÃO|983
SIM|SIM|SIM|7200
SIM|SIM|SIM|6973
SIM|SIM|SIM|2441
SIM|SIM|SIM|8326
SIM|SIM|SIM|6569
NÃO|NÃO|NÃO|6647
SIM|SIM|NÃO|3762
SIM|SIM|SIM|5667
SIM|SIM|SIM|4431
NÃO|NÃO|NÃO|6531
SIM|SIM|SIM|7073
SIM|SIM|NÃO|8584
SIM|SIM|SIM|3564
SIM|SIM|NÃO|3563
SIM|SIM|NÃO|4887
SIM|SIM|NÃO|5878
SIM|SIM|NÃO|7671
SIM|SIM|SIM|6305
SIM|SIM|NÃO|9123
SIM|SIM|SIM|4846
SIM|SIM|SIM|7266
SIM|SIM|SIM|6940
SIM|NÃO|NÃO|1408
SIM|SIM|NÃO|1303
SIM|SIM|NÃO|2050
SIM|SIM|SIM|7071
SIM|SIM|NÃO|7039
SIM|SIM|SIM|7101
SIM|SIM|NÃO|9916
SIM|NÃO|NÃO|6300
SIM|NÃO|NÃO|9216
SIM|SIM|NÃO|1555
SIM|SIM|NÃO|6547
SIM|SIM|NÃO|6224
SIM|SIM|NÃO|6693
SIM|SIM|NÃO|1434
SIM|SIM|SIM|7791
SIM|SIM|NÃO|4195
SIM|SIM|NÃO|7254
SIM|SIM|NÃO|6941
SIM|SIM|SIM|3305
SIM|SIM|NÃO|9507
SIM|SIM|NÃO|6557
SIM|SIM|NÃO|7317
SIM|SIM|NÃO|7697
SIM|SIM|NÃO|5895
SIM|SIM|SIM|7181
SIM|SIM|NÃO|8572
SIM|SIM|NÃO|6959
SIM|SIM|NÃO|6453
SIM|SIM|SIM|7661
SIM|SIM|SIM|4645
SIM|SIM|NÃO|6162
SIM|SIM|SIM|6088
SIM|SIM|NÃO|2348
NÃO|NÃO|NÃO|6061
SIM|SIM|SIM|1790
SIM|SIM|SIM|5261
SIM|SIM|SIM|6172
SIM|SIM|NÃO|4483
SIM|SIM|NÃO|118
SIM|SIM|SIM|5171
SIM|SIM|NÃO|1176
SIM|NÃO|NÃO|2757
SIM|SIM|NÃO|6979
SIM|NÃO|NÃO|2018
SIM|SIM|NÃO|7230
SIM|SIM|SIM|7231
SIM|SIM|NÃO|7015
SIM|SIM|SIM|5800
SIM|SIM|NÃO|1359
SIM|SIM|SIM|605
NÃO|NÃO|NÃO|1480
SIM|SIM|SIM|9097
SIM|SIM|SIM|4544
SIM|SIM|SIM|6942
SIM|SIM|SIM|5719
SIM|SIM|NÃO|6898
SIM|SIM|NÃO|3850
SIM|SIM|NÃO|7766
SIM|SIM|NÃO|7062
SIM|SIM|NÃO|6329
SIM|SIM|NÃO|7089
SIM|SIM|SIM|4045
SIM|SIM|SIM|6974
SIM|SIM|SIM|5169
SIM|SIM|NÃO|1305
SIM|SIM|NÃO|264
SIM|SIM|NÃO|6027
SIM|SIM|SIM|5073
SIM|SIM|NÃO|6996
SIM|SIM|NÃO|6971
SIM|SIM|NÃO|7432
SIM|NÃO|NÃO|8666
SIM|SIM|SIM|7350
SIM|SIM|NÃO|3701
SIM|SIM|NÃO|5292
SIM|SIM|NÃO|1921
NÃO|NÃO|NÃO|5295
SIM|SIM|SIM|5726
SIM|SIM|NÃO|6142
SIM|SIM|NÃO|6200
SIM|SIM|NÃO|7246
NÃO|NÃO|NÃO|2666
NÃO|NÃO|NÃO|1695
SIM|SIM|NÃO|6837
SIM|SIM|NÃO|8031
NÃO|NÃO|NÃO|9908
SIM|SIM|NÃO|3511
SIM|SIM|SIM|5709
SIM|SIM|NÃO|6883
SIM|SIM|SIM|8823
NÃO|NÃO|NÃO|8665
SIM|SIM|SIM|9007
SIM|SIM|NÃO|4120
SIM|SIM|NÃO|5834
SIM|SIM|NÃO|1306
SIM|SIM|SIM|2051
NÃO|NÃO|NÃO|5621
SIM|SIM|NÃO|5647
SIM|SIM|SIM|7312
SIM|SIM|NÃO|5636
SIM|SIM|SIM|5303
SIM|SIM|SIM|4693
SIM|SIM|SIM|7695
SIM|SIM|SIM|9198
SIM|SIM|NÃO|1574
SIM|SIM|NÃO|7399
SIM|SIM|NÃO|5065
SIM|SIM|NÃO|3371
SIM|SIM|NÃO|2141
SIM|SIM|SIM|5721
SIM|SIM|SIM|8443
SIM|SIM|NÃO|7551
SIM|SIM|SIM|8488
SIM|SIM|SIM|4050
SIM|SIM|NÃO|5610
SIM|SIM|NÃO|927
SIM|SIM|SIM|6635
SIM|SIM|NÃO|491
SIM|SIM|NÃO|2629
SIM|SIM|NÃO|6805
SIM|SIM|NÃO|3802
SIM|SIM|SIM|7649
SIM|SIM|SIM|9030
SIM|SIM|SIM|1945
NÃO|NÃO|NÃO|5671
SIM|SIM|NÃO|8116
SIM|SIM|SIM|8579
SIM|SIM|SIM|2312
SIM|SIM|SIM|4705
SIM|SIM|SIM|8209
SIM|SIM|SIM|4908
SIM|SIM|SIM|4236
SIM|SIM|NÃO|1959
SIM|SIM|SIM|5310
SIM|SIM|NÃO|2219
SIM|SIM|NÃO|7706
SIM|SIM|SIM|4221
NÃO|NÃO|NÃO|5218
SIM|SIM|NÃO|9018
SIM|SIM|SIM|2011
SIM|SIM|SIM|6129
SIM|SIM|SIM|3934
SIM|SIM|SIM|1806
SIM|SIM|SIM|8151
SIM|SIM|SIM|179
SIM|SIM|NÃO|9446
SIM|SIM|NÃO|5536
SIM|SIM|SIM|8479
SIM|SIM|NÃO|7982
SIM|SIM|NÃO|7811
SIM|SIM|SIM|675
SIM|SIM|NÃO|8246
SIM|SIM|SIM|2874
SIM|SIM|SIM|7932
SIM|SIM|NÃO|1222
SIM|SIM|NÃO|1915
NÃO|NÃO|NÃO|6630
SIM|SIM|NÃO|8790
SIM|SIM|SIM|2088
SIM|SIM|NÃO|1985
SIM|SIM|SIM|1612
SIM|SIM|NÃO|4169
SIM|SIM|SIM|8675
SIM|SIM|NÃO|556
SIM|SIM|NÃO|9006
SIM|SIM|SIM|1881
SIM|SIM|SIM|4055
SIM|SIM|NÃO|7647
SIM|SIM|SIM|7303
SIM|SIM|NÃO|6543
SIM|SIM|SIM|6116
SIM|SIM|SIM|6092
SIM|SIM|SIM|2594
SIM|SIM|NÃO|2342
SIM|SIM|NÃO|716
SIM|SIM|SIM|2254
SIM|SIM|SIM|3831
SIM|SIM|SIM|8608
SIM|NÃO|NÃO|4187
SIM|SIM|NÃO|8150
SIM|SIM|NÃO|7861
SIM|SIM|SIM|2461
SIM|SIM|SIM|5016
SIM|SIM|NÃO|2094
SIM|SIM|SIM|3433
SIM|SIM|SIM|3888
SIM|SIM|NÃO|1926
SIM|SIM|NÃO|2032
SIM|SIM|NÃO|1756
SIM|SIM|NÃO|5368
SIM|SIM|SIM|1112
SIM|SIM|SIM|8621
SIM|SIM|NÃO|7417
NÃO|NÃO|NÃO|5066
NÃO|NÃO|NÃO|7387
NÃO|NÃO|NÃO|6697
SIM|SIM|SIM|6134
SIM|SIM|SIM|251
SIM|SIM|SIM|4480
SIM|SIM|SIM|4476
SIM|SIM|NÃO|6878
SIM|SIM|NÃO|5783
SIM|SIM|NÃO|3084
SIM|SIM|NÃO|891
SIM|SIM|SIM|4027
SIM|SIM|NÃO|1923
SIM|SIM|NÃO|209
SIM|SIM|SIM|1150
SIM|SIM|SIM|8578
SIM|SIM|NÃO|6835
SIM|SIM|NÃO|1554
SIM|SIM|NÃO|6772
NÃO|NÃO|NÃO|3090
SIM|SIM|SIM|5058
SIM|SIM|SIM|7418
SIM|SIM|NÃO|328
SIM|SIM|SIM|5863
SIM|SIM|NÃO|3007
SIM|SIM|SIM|6046
SIM|SIM|SIM|156
SIM|SIM|SIM|4702
SIM|SIM|SIM|1198
SIM|SIM|NÃO|2538
SIM|SIM|NÃO|1097
SIM|SIM|SIM|7320
SIM|SIM|NÃO|6796
SIM|SIM|NÃO|3662
SIM|SIM|SIM|2252
SIM|SIM|NÃO|7194
SIM|SIM|NÃO|1575
SIM|SIM|NÃO|6353
SIM|NÃO|NÃO|5811
SIM|SIM|NÃO|3791
SIM|NÃO|NÃO|894
NÃO|NÃO|NÃO|2692
SIM|SIM|NÃO|2517
SIM|SIM|NÃO|3699
SIM|SIM|NÃO|7392
NÃO|NÃO|NÃO|7725
SIM|SIM|SIM|329
SIM|SIM|NÃO|1862
SIM|SIM|NÃO|6105
SIM|SIM|SIM|6253
SIM|SIM|SIM|5944
SIM|SIM|SIM|6303
NÃO|NÃO|NÃO|5578
SIM|SIM|SIM|8033
SIM|SIM|SIM|8582
SIM|SIM|SIM|5763
SIM|SIM|SIM|4142
SIM|SIM|NÃO|8984
SIM|SIM|NÃO|5294
SIM|SIM|SIM|157
SIM|SIM|SIM|2132
SIM|SIM|SIM|5547
SIM|SIM|NÃO|6817
SIM|SIM|SIM|3274
SIM|SIM|SIM|3840
SIM|SIM|SIM|9268
SIM|SIM|SIM|9466
SIM|SIM|SIM|4069
SIM|SIM|NÃO|5305
SIM|SIM|SIM|4602
SIM|SIM|SIM|4282
SIM|SIM|NÃO|3547
SIM|SIM|SIM|4627
SIM|SIM|SIM|113
SIM|SIM|SIM|9005
SIM|SIM|SIM|24
SIM|SIM|SIM|5647
SIM|SIM|NÃO|9830
SIM|SIM|SIM|215
SIM|SIM|SIM|5436
SIM|SIM|SIM|4680
SIM|SIM|não|7499
SIM|SIM|SIM|2313
SIM|SIM|SIM|9702
SIM|SIM|SIM|2698
SIM|SIM|SIM|2197
SIM|SIM|SIM|2099
SIM|SIM|SIM|4323
SIM|SIM|SIM|2842
SIM|SIM|não|5167
SIM|SIM|não|8230
SIM|SIM|SIM|2694
SIM|SIM|não|9335
SIM|SIM|SIM|2431
SIM|SIM|SIM|7951
SIM|SIM|não|8927
SIM|SIM|não|1574
SIM|SIM|SIM|7993
SIM|SIM|SIM|5574
SIM|SIM|não|4161
SIM|SIM|não|7723
SIM|SIM|SIM|2416
SIM|SIM|SIM|1936
SIM|SIM|SIM|5302
SIM|SIM|não|3276
SIM|SIM|SIM|2306
SIM|SIM|SIM|2508
SIM|SIM|não|7551
SIM|SIM|SIM|2319
SIM|SIM|SIM|5042
SIM|SIM|SIM|2023
SIM|SIM|não|759
SIM|SIM|SIM|9137
SIM|SIM|SIM|2100
SIM|SIM|SIM|1703
SIM|SIM|não|933
SIM|SIM|não|5717
SIM|SIM|SIM|2110
SIM|SIM|não|3404
SIM|SIM|SIM|3800
SIM|SIM|SIM|8279
SIM|SIM|SIM|3933
SIM|SIM|não|2172
SIM|SIM|não|8690
SIM|SIM|não|9195
SIM|SIM|SIM|5444
SIM|SIM|SIM|8011
SIM|SIM|SIM|5349
SIM|SIM|SIM|6413
SIM|SIM|SIM|3990
SIM|SIM|SIM|2322
SIM|SIM|SIM|6215
SIM|SIM|SIM|6328
SIM|SIM|não|7894
SIM|SIM|SIM|1725
SIM|SIM|não|3839
SIM|SIM|SIM|6685
SIM|SIM|SIM|6702
SIM|SIM|SIM|6615
SIM|SIM|não|5659
SIM|SIM|não|384
SIM|SIM|SIM|9940
SIM|SIM|SIM|2372
SIM|SIM|SIM|2271
SIM|SIM|SIM|9445
SIM|SIM|não|353
SIM|SIM|não|7211
SIM|SIM|SIM|2391
SIM|SIM|SIM|1873
SIM|SIM|não|7525
SIM|SIM|SIM|3630
SIM|SIM|não|2123
SIM|SIM|SIM|3053
SIM|SIM|não|2311
SIM|SIM|não|4306
SIM|SIM|não|1276
SIM|SIM|SIM|9133
SIM|SIM|não|5159
SIM|SIM|SIM|8509
SIM|SIM|SIM|2552
SIM|SIM|SIM|9684
SIM|SIM|SIM|6539
SIM|SIM|SIM|7844
SIM|SIM|SIM|2305
SIM|SIM|SIM|5845
SIM|SIM|SIM|7989
SIM|SIM|SIM|3754
SIM|SIM|não|7718
SIM|SIM|não|2356
SIM|SIM|SIM|902
SIM|SIM|SIM|2370
SIM|SIM|não|2541
SIM|SIM|SIM|1564
SIM|SIM|SIM|1765
SIM|SIM|não|6793
SIM|SIM|SIM|2341
SIM|SIM|não|9147
SIM|SIM|SIM|3479
SIM|SIM|SIM|3296
SIM|SIM|não|6510
SIM|SIM|não|7884
SIM|SIM|SIM|6689
SIM|SIM|não|3291
SIM|SIM|SIM|1781
SIM|SIM|SIM|3189
SIM|SIM|SIM|3329
SIM|SIM|não|4477
SIM|SIM|não|2632
SIM|SIM|não|2915
NÃO|NÃO|não|4584
SIM|SIM|SIM|6464
SIM|SIM|SIM|2742
SIM|SIM|SIM|8259
SIM|SIM|SIM|4812
SIM|SIM|SIM|1680
SIM|SIM|SIM|716
SIM|SIM|SIM|4720
SIM|SIM|não|3572
SIM|SIM|não|2290
SIM|SIM|SIM|5752
SIM|SIM|não|3448
SIM|SIM|SIM|4588
SIM|SIM|SIM|2627
SIM|SIM|não|7585
SIM|SIM|SIM|6880
SIM|SIM|SIM|3336
SIM|SIM|SIM|7435
SIM|SIM|não|3290
SIM|SIM|SIM|4424
SIM|SIM|não|5959
SIM|SIM|SIM|6128
SIM|SIM|SIM|3506
SIM|SIM|não|6271
SIM|SIM|SIM|2097
SIM|SIM|não|1745
SIM|SIM|SIM|859
SIM|SIM|SIM|6412
SIM|SIM|SIM|6466
SIM|SIM|não|4253
SIM|SIM|não|3664
SIM|SIM|SIM|4450
SIM|SIM|não|1625
SIM|SIM|não|5844
SIM|SIM|SIM|9746
SIM|SIM|SIM|3770
SIM|SIM|SIM|6158
SIM|NÃO|não|2340
SIM|SIM|SIM|5041
SIM|SIM|SIM|2542
SIM|SIM|SIM|4414
SIM|SIM|não|3054
SIM|SIM|não|9009
SIM|SIM|não|6814
SIM|SIM|não|5316
SIM|SIM|SIM|9457
SIM|SIM|não|71
SIM|SIM|SIM|6498
SIM|SIM|não|9202
SIM|SIM|SIM|2410
SIM|SIM|não|4122
SIM|SIM|SIM|3485
SIM|SIM|SIM|4147
SIM|SIM|SIM|6690
SIM|SIM|SIM|3423
SIM|SIM|SIM|5786
SIM|SIM|SIM|891
SIM|SIM|SIM|6550
SIM|SIM|SIM|2221
SIM|SIM|não|1502
SIM|SIM|não|2333
SIM|SIM|SIM|4815
SIM|SIM|SIM|4413
SIM|SIM|não|8652
SIM|SIM|SIM|6184
SIM|SIM|não|2601
SIM|SIM|não|3116
SIM|SIM|SIM|9452
SIM|SIM|SIM|9941
SIM|SIM|SIM|3437
SIM|SIM|SIM|2430
SIM|SIM|SIM|1582
SIM|SIM|SIM|2317
SIM|SIM|SIM|8506
SIM|SIM|SIM|512
SIM|SIM|SIM|2307
SIM|SIM|não|8818
SIM|SIM|SIM|3976
SIM|SIM|SIM|6046
SIM|SIM|SIM|8323
SIM|SIM|SIM|4726
SIM|SIM|SIM|8183
SIM|SIM|não|7373
SIM|SIM|SIM|4141
SIM|SIM|não|9155
SIM|SIM|não|2201
SIM|SIM|SIM|9201
SIM|SIM|SIM|4583
SIM|SIM|não|4199
SIM|SIM|SIM|6333
SIM|SIM|não|8563
SIM|SIM|SIM|7843
SIM|SIM|SIM|2079
SIM|SIM|SIM|9412
SIM|SIM|não|8143
SIM|SIM|não|7968
SIM|SIM|não|3658
SIM|SIM|não|5004
SIM|SIM|SIM|2367
SIM|SIM|não|7277
SIM|SIM|SIM|7208
SIM|SIM|não|7905
SIM|SIM|não|3542
SIM|NÃO|não|2653
SIM|SIM|não|5674
SIM|SIM|SIM|2745
SIM|SIM|SIM|2845
SIM|SIM|não|816
SIM|SIM|SIM|3753
SIM|SIM|SIM|1126
SIM|SIM|não|8076
SIM|SIM|não|7164
SIM|SIM|não|4305
SIM|SIM|SIM|3623
SIM|SIM|não|4719
SIM|SIM|SIM|2167
SIM|SIM|SIM|7641
SIM|SIM|SIM|3037
SIM|SIM|SIM|318
SIM|SIM|NÃO|1769
SIM|SIM|NÃO|9900
SIM|SIM|NÃO|8838
SIM|SIM|NÃO|9313
SIM|SIM|NÃO|9975
SIM|SIM|NÃO|7118
SIM|SIM|SIM|8528
SIM|SIM|NÃO|2998
SIM|SIM|NÃO|8063
SIM|SIM|NÃO|4821
SIM|SIM|NÃO|9946
NÃO|NÃO|NÃO|5587
SIM|SIM|NÃO|618
NÃO|NÃO|NÃO|7910
NÃO|NÃO|NÃO|1653
SIM|SIM|NÃO|627
SIM|SIM|NÃO|7998
SIM|SIM|SIM|2551
SIM|SIM|SIM|2443
SIM|SIM|NÃO|1896
NÃO|NÃO|NÃO|175
SIM|SIM|SIM|7037
SIM|SIM|SIM|8498
SIM|SIM|SIM|1381
SIM|SIM|NÃO|2502
SIM|SIM|SIM|2261
SIM|SIM|SIM|2263
SIM|SIM|NÃO|6549
SIM|SIM|NÃO|9028
SIM|SIM|NÃO|3204
SIM|SIM|SIM|2713
SIM|SIM|SIM|3191
SIM|SIM|NÃO|5658
SIM|SIM|SIM|4335
SIM|SIM|NÃO|7121
SIM|SIM|NÃO|1777
SIM|SIM|NÃO|7760
SIM|SIM|SIM|3270
SIM|SIM|SIM|6243
NÃO|NÃO|NÃO|8511
SIM|SIM|SIM|8133
SIM|SIM|SIM|509
SIM|SIM|NÃO|8660
SIM|SIM|NÃO|4263
SIM|SIM|NÃO|6244
SIM|SIM|SIM|3330
SIM|SIM|NÃO|8027
SIM|SIM|NÃO|4215
SIM|SIM|NÃO|6209
SIM|SIM|NÃO|9299
SIM|SIM|NÃO|2299
SIM|SIM|NÃO|3606
SIM|SIM|SIM|3991
SIM|SIM|SIM|144
SIM|SIM|NÃO|6210
NÃO|NÃO|NÃO|3591
SIM|SIM|NÃO|8030
NÃO|NÃO|NÃO|559
SIM|SIM|SIM|2620
SIM|SIM|SIM|151
SIM|SIM|NÃO|2122
SIM|SIM|SIM|2310
SIM|SIM|NÃO|1466
SIM|SIM|SIM|9657
SIM|SIM|NÃO|5655
SIM|SIM|SIM|1954
SIM|SIM|NÃO|2072
SIM|SIM|SIM|3244
SIM|SIM|NÃO|643
SIM|SIM|NÃO|10019
SIM|SIM|SIM|2952
SIM|SIM|NÃO|6910
SIM|SIM|NÃO|6865
SIM|SIM|SIM|7034
SIM|SIM|NÃO|2609
SIM|SIM|NÃO|2450
SIM|SIM|NÃO|2334
SIM|SIM|SIM|7335
SIM|SIM|SIM|5487
NÃO|NÃO|NÃO|7986
SIM|SIM|SIM|5495
SIM|SIM|SIM|8537
SIM|SIM|NÃO|4552
SIM|SIM|NÃO|9397
SIM|SIM|NÃO|5090
SIM|SIM|NÃO|3687
SIM|SIM|NÃO|6322
SIM|SIM|SIM|2756
SIM|SIM|SIM|2347
SIM|SIM|SIM|3505
SIM|SIM|SIM|263
SIM|SIM|SIM|5558
NÃO|NÃO|NÃO|6628
SIM|SIM|NÃO|8715
SIM|SIM|NÃO|1497
SIM|SIM|SIM|6211
NÃO|NÃO|NÃO|6892
NÃO|NÃO|NÃO|5665
SIM|SIM|NÃO|9047
SIM|SIM|NÃO|8029
SIM|SIM|NÃO|6925
SIM|SIM|NÃO|6019
SIM|SIM|NÃO|6926
SIM|SIM|NÃO|8641
SIM|SIM|NÃO|5663
SIM|SIM|NÃO|6213
SIM|SIM|NÃO|8553
SIM|SIM|NÃO|5537
SIM|SIM|NÃO|6548
SIM|SIM|SIM|9810
SIM|SIM|NÃO|8375
SIM|SIM|NÃO|8324
SIM|SIM|NÃO|806
SIM|SIM|NÃO|7282
SIM|SIM|SIM|5225
SIM|SIM|SIM|2589
SIM|SIM|NÃO|874
SIM|SIM|NÃO|8079
SIM|SIM|NÃO|8568
SIM|SIM|NÃO|6062
SIM|SIM|NÃO|7708
SIM|SIM|NÃO|2235
SIM|SIM|NÃO|3312
SIM|SIM|SIM|628
SIM|SIM|SIM|650
SIM|SIM|SIM|10018
SIM|SIM|SIM|9045
SIM|SIM|SIM|8064
SIM|SIM|NÃO|1297
SIM|SIM|NÃO|4832
SIM|SIM|SIM|6066
SIM|SIM|SIM|5593
NÃO|NÃO|NÃO|5589
SIM|SIM|NÃO|6640
SIM|SIM|NÃO|8538
SIM|SIM|NÃO|8222
SIM|SIM|NÃO|3438
SIM|SIM|SIM|1056
SIM|SIM|SIM|5160
SIM|SIM|NÃO|8025
SIM|SIM|SIM|514
SIM|SIM|NÃO|2503
SIM|SIM|SIM|4381
SIM|SIM|SIM|3992
SIM|SIM|NÃO|4873
SIM|SIM|NÃO|9300
SIM|SIM|SIM|2682
SIM|SIM|SIM|9246
SIM|SIM|NÃO|8646
NÃO|NÃO|NÃO|5936
SIM|SIM|NÃO|6614
SIM|SIM|NÃO|8024
SIM|SIM|NÃO|8772
SIM|SIM|NÃO|6361
NÃO|NÃO|NÃO|4848
NÃO|NÃO|NÃO|397
SIM|SIM|NÃO|7656
SIM|SIM|NÃO|6005
SIM|SIM|SIM|1946
SIM|SIM|NÃO|9294
SIM|SIM|NÃO|7389
SIM|SIM|NÃO|2434
SIM|SIM|SIM|2467
SIM|SIM|SIM|5826
SIM|SIM|SIM|2004
SIM|SIM|SIM|5657
SIM|SIM|SIM|177
SIM|SIM|SIM|7658
NÃO|NÃO|NÃO|6951
SIM|SIM|NÃO|599
SIM|SIM|NÃO|6367
SIM|SIM|SIM|7996
SIM|SIM|SIM|3979
SIM|SIM|NÃO|6368
SIM|SIM|NÃO|573
SIM|SIM|NÃO|2291
SIM|SIM|SIM|9089
NÃO|NÃO|NÃO|8168
SIM|SIM|NÃO|7265
SIM|SIM|NÃO|2143
SIM|SIM|NÃO|9162
SIM|SIM|NÃO|8880
SIM|SIM|SIM|5835
SIM|SIM|NÃO|10024
SIM|SIM|NÃO|1569
SIM|SIM|NÃO|3751
SIM|SIM|SIM|10007
SIM|SIM|NÃO|9648
SIM|SIM|SIM|374
SIM|SIM|NÃO|5201
SIM|SIM|NÃO|2388
SIM|SIM|NÃO|9655
SIM|SIM|SIM|8752
SIM|NÃO|SIM|4546
SIM|SIM|NÃO|5846
SIM|SIM|NÃO|174
SIM|SIM|NÃO|6028
SIM|SIM|NÃO|1623
SIM|SIM|SIM|5182
SIM|SIM|NÃO|8849
SIM|SIM|NÃO|9333
SIM|SIM|SIM|6452
SIM|SIM|NÃO|1644
SIM|SIM|NÃO|574
NÃO|NÃO|NÃO|5588
SIM|SIM|SIM|8914
NÃO|NÃO|NÃO|2393
SIM|SIM|NÃO|5675
SIM|SIM|NÃO|8497
SIM|SIM|NÃO|4713
SIM|SIM|NÃO|7660
SIM|SIM|NÃO|9372
SIM|SIM|NÃO|291
SIM|NÃO|NÃO|7757
NÃO|NÃO|NÃO|5958
SIM|SIM|NÃO|4729
NÃO|NÃO|NÃO|1772
SIM|SIM|NÃO|7329
SIM|SIM|NÃO|4292
SIM|SIM|NÃO|4370
SIM|SIM|NÃO|4267
SIM|NÃO|NÃO|9001
SIM|SIM|NÃO|5932
SIM|SIM|NÃO|5228
SIM|NÃO|NÃO|5969
NÃO|NÃO|NÃO|2260
NÃO|NÃO|NÃO|170
NÃO|NÃO|NÃO|173
NÃO|NÃO|NÃO|2052
SIM|SIM|SIM|3095
NÃO|NÃO|NÃO|9408
SIM|NÃO|NÃO|6099
SIM|SIM|NÃO|2475
SIM|NÃO|NÃO|326
SIM|SIM|NÃO|4037
NÃO|NÃO|NÃO|9947
SIM|SIM|NÃO|1704
SIM|NÃO|NÃO|4017
NÃO|NÃO|NÃO|9283
SIM|SIM|NÃO|5240
SIM|SIM|SIM|2135
SIM|NÃO|NÃO|2183
SIM|NÃO|NÃO|3966
NÃO|NÃO|NÃO|5913
SIM|SIM|NÃO|4904
NÃO|NÃO|NÃO|1972
SIM|SIM|NÃO|3970
NÃO|NÃO|NÃO|2938
NÃO|NÃO|NÃO|5288
SIM|SIM|NÃO|453
SIM|SIM|NÃO|1983
SIM|NÃO|NÃO|2975
NÃO|NÃO|NÃO|6078
SIM|NÃO|NÃO|6521
SIM|NÃO|NÃO|5960
SIM|SIM|NÃO|5013
SIM|NÃO|NÃO|3801
NÃO|NÃO|NÃO|2153
NÃO|NÃO|NÃO|3222
NÃO|NÃO|NÃO|5678
SIM|NÃO|NÃO|6530
NÃO|NÃO|NÃO|2101
NÃO|NÃO|NÃO|6459
NÃO|NÃO|NÃO|497
NÃO|NÃO|NÃO|7358
SIM|NÃO|NÃO|500
SIM|NÃO|NÃO|504
SIM|NÃO|NÃO|7873
NÃO|NÃO|NÃO|5012
SIM|NÃO|NÃO|5428
SIM|SIM|SIM|1920
SIM|SIM|SIM|5431
NÃO|NÃO|NÃO|8799
SIM|SIM|NÃO|1784
SIM|NÃO|NÃO|4938
SIM|SIM|NÃO|5213
SIM|NÃO|NÃO|609
SIM|NÃO|NÃO|8951
SIM|SIM|SIM|6791
SIM|NÃO|NÃO|3964
NÃO|NÃO|NÃO|7580
SIM|NÃO|NÃO|8819
SIM|SIM|SIM|630
NÃO|NÃO|NÃO|631
SIM|SIM|NÃO|7274
SIM|SIM|SIM|2840
SIM|SIM|SIM|4753
SIM|SIM|SIM|1049
NÃO|NÃO|NÃO|4829
SIM|NÃO|NÃO|647
NÃO|NÃO|NÃO|2148
NÃO|NÃO|NÃO|3527
SIM|NÃO|NÃO|5109
NÃO|NÃO|NÃO|2887
SIM|SIM|SIM|840
SIM|SIM|SIM|4422
NÃO|NÃO|NÃO|3217
SIM|SIM|NÃO|4113
SIM|NÃO|NÃO|2772
SIM|SIM|SIM|2675
SIM|NÃO|NÃO|669
SIM|SIM|NÃO|4376
NÃO|NÃO|NÃO|9988
SIM|SIM|NÃO|94
SIM|SIM|NÃO|5470
SIM|NÃO|NÃO|2671
NÃO|NÃO|NÃO|6488
SIM|NÃO|NÃO|689
SIM|SIM|NÃO|4800
SIM|SIM|NÃO|1561
SIM|NÃO|NÃO|758
SIM|NÃO|NÃO|2631
SIM|NÃO|NÃO|5570
NÃO|NÃO|NÃO|4420
NÃO|NÃO|NÃO|2053
SIM|NÃO|NÃO|2617
NÃO|NÃO|NÃO|960
SIM|NÃO|NÃO|7124
SIM|SIM|NÃO|808
SIM|SIM|NÃO|7963
SIM|SIM|NÃO|2352
NÃO|NÃO|NÃO|5135
SIM|SIM|NÃO|4237
NÃO|NÃO|NÃO|3073
NÃO|NÃO|NÃO|5597
SIM|SIM|NÃO|10004
SIM|NÃO|NÃO|1636
SIM|SIM|NÃO|2161
SIM|NÃO|NÃO|4778
NÃO|NÃO|NÃO|5111
SIM|SIM|SIM|2136
SIM|NÃO|NÃO|4568
NÃO|NÃO|NÃO|3152
NÃO|NÃO|NÃO|2865
NÃO|NÃO|NÃO|3861
NÃO|NÃO|NÃO|3862
NÃO|NÃO|NÃO|3214
SIM|NÃO|NÃO|5963
SIM|SIM|NÃO|3582
SIM|SIM|NÃO|5094
SIM|NÃO|NÃO|4101
SIM|NÃO|NÃO|1015
SIM|NÃO|NÃO|842
SIM|NÃO|NÃO|5992
SIM|SIM|SIM|3876
NÃO|NÃO|NÃO|3002
SIM|NÃO|NÃO|9920
SIM|SIM|NÃO|4234
SIM|SIM|SIM|2142
SIM|NÃO|NÃO|2070
NÃO|NÃO|NÃO|5341
NÃO|NÃO|NÃO|4244
SIM|NÃO|NÃO|4301
SIM|SIM|NÃO|6612
SIM|SIM|NÃO|1759
NÃO|NÃO|NÃO|2054
SIM|NÃO|NÃO|1205
SIM|NÃO|NÃO|2484
SIM|NÃO|NÃO|6014
SIM|SIM|NÃO|4555
NÃO|NÃO|NÃO|6931
SIM|SIM|NÃO|4338
SIM|SIM|SIM|1870
SIM|NÃO|NÃO|5544
NÃO|NÃO|NÃO|2395
SIM|SIM|SIM|2493
SIM|SIM|NÃO|6578
SIM|SIM|NÃO|7441
SIM|SIM|NÃO|9057
SIM|NÃO|NÃO|4677
NÃO|NÃO|NÃO|9976
SIM|NÃO|NÃO|1648
SIM|SIM|NÃO|8127
SIM|NÃO|NÃO|2577
NÃO|NÃO|NÃO|1251
SIM|SIM|SIM|2309
SIM|SIM|NÃO|5861
SIM|NÃO|NÃO|1260
SIM|NÃO|NÃO|1262
NÃO|NÃO|NÃO|8800
SIM|SIM|NÃO|2506
SIM|SIM|NÃO|2960
SIM|SIM|NÃO|6000
SIM|NÃO|NÃO|9921
SIM|SIM|NÃO|4586
NÃO|NÃO|NÃO|2314
SIM|NÃO|NÃO|1412
SIM|SIM|NÃO|10005
SIM|SIM|NÃO|6436
SIM|SIM|NÃO|3910
SIM|NÃO|NÃO|5454
NÃO|NÃO|NÃO|8801
SIM|SIM|NÃO|2237
NÃO|NÃO|NÃO|1468
SIM|SIM|NÃO|2784
NÃO|NÃO|NÃO|2156
SIM|NÃO|NÃO|5952
SIM|NÃO|NÃO|5585
SIM|SIM|NÃO|4820
NÃO|NÃO|NÃO|1544
SIM|SIM|NÃO|4276
NÃO|NÃO|NÃO|6937
SIM|SIM|SIM|6790
SIM|NÃO|NÃO|29
SIM|SIM|NÃO|8923
SIM|NÃO|NÃO|8948
SIM|NÃO|NÃO|8940
SIM|NÃO|NÃO|4267
SIM|NÃO|NÃO|6618
NÃO|NÃO|NÃO|8313
SIM|NÃO|NÃO|1409
SIM|NÃO|NÃO|6233
NÃO|NÃO|NÃO|138
SIM|NÃO|NÃO|9687
SIM|SIM|NÃO|9693
SIM|NÃO|NÃO|8950
NÃO|NÃO|NÃO|2791
SIM|NÃO|NÃO|4686
SIM|NÃO|NÃO|534
SIM|NÃO|NÃO|3571
SIM|SIM|SIM|2354
SIM|NÃO|NÃO|1979
SIM|SIM|NÃO|312
SIM|SIM|SIM|2272
SIM|NÃO|NÃO|319
SIM|NÃO|NÃO|1605
SIM|NÃO|NÃO|5334
NÃO|NÃO|NÃO|2128
SIM|SIM|SIM|754
SIM|SIM|SIM|1446
SIM|SIM|NÃO|8918
SIM|NÃO|NÃO|9496
SIM|SIM|SIM|459
SIM|SIM|SIM|7465
SIM|NÃO|NÃO|7834
SIM|NÃO|NÃO|5211
SIM|SIM|SIM|400
SIM|SIM|NÃO|9973
SIM|SIM|SIM|5208
SIM|NÃO|NÃO|3923
SIM|NÃO|NÃO|7599
SIM|NÃO|NÃO|3346
SIM|SIM|NÃO|3755
NÃO|NÃO|NÃO|8159
SIM|NÃO|NÃO|1483
SIM|SIM|NÃO|2081
SIM|SIM|NÃO|2473
SIM|SIM|NÃO|6480
SIM|SIM|NÃO|5040
SIM|NÃO|NÃO|5264
SIM|NÃO|NÃO|4471
NÃO|NÃO|NÃO|473
SIM|SIM|NÃO|1943
SIM|NÃO|NÃO|4449
SIM|NÃO|NÃO|5524
SIM|SIM|NÃO|1064
SIM|NÃO|NÃO|9835
SIM|NÃO|NÃO|9059
SIM|NÃO|NÃO|508
SIM|NÃO|NÃO|6608
SIM|SIM|NÃO|2202
SIM|NÃO|NÃO|4493
SIM|SIM|NÃO|9642
SIM|NÃO|NÃO|8952
SIM|SIM|SIM|6188
SIM|NÃO|NÃO|548
NÃO|NÃO|NÃO|6044
SIM|SIM|NÃO|8917
SIM|NÃO|NÃO|9127
SIM|NÃO|NÃO|9044
NÃO|NÃO|NÃO|607
NÃO|NÃO|NÃO|6806
SIM|NÃO|NÃO|1528
SIM|SIM|SIM|2760
SIM|NÃO|NÃO|3593
SIM|NÃO|NÃO|381
SIM|SIM|SIM|9414
SIM|NÃO|NÃO|8718
SIM|NÃO|NÃO|9392
SIM|SIM|NÃO|5064
SIM|NÃO|NÃO|3659
SIM|NÃO|NÃO|5970
SIM|SIM|SIM|2797
SIM|SIM|SIM|638
SIM|SIM|NÃO|6308
SIM|NÃO|NÃO|8936
SIM|NÃO|NÃO|9925
SIM|SIM|SIM|9697
SIM|NÃO|NÃO|9415
SIM|SIM|NÃO|9643
SIM|SIM|SIM|3616
SIM|NÃO|NÃO|8957
SIM|NÃO|NÃO|8109
SIM|SIM|SIM|2008
SIM|SIM|NÃO|2686
SIM|NÃO|NÃO|8106
SIM|SIM|SIM|7575
SIM|NÃO|NÃO|4784
SIM|NÃO|NÃO|4492
SIM|NÃO|NÃO|8706
SIM|SIM|NÃO|8134
NÃO|NÃO|NÃO|6670
NÃO|NÃO|NÃO|924
SIM|NÃO|NÃO|1500
SIM|NÃO|NÃO|5010
NÃO|NÃO|NÃO|5267
SIM|SIM|SIM|3360
SIM|NÃO|NÃO|3847
SIM|NÃO|NÃO|8949
NÃO|NÃO|NÃO|666
SIM|SIM|NÃO|8939
SIM|NÃO|NÃO|5205
SIM|SIM|SIM|685
SIM|NÃO|NÃO|834
SIM|SIM|SIM|724
SIM|SIM|NÃO|9937
SIM|NÃO|NÃO|8210
SIM|SIM|NÃO|3698
NÃO|NÃO|NÃO|6747
SIM|SIM|NÃO|9395
SIM|NÃO|NÃO|8389
SIM|NÃO|NÃO|594
NÃO|NÃO|NÃO|1344
NÃO|NÃO|NÃO|791
SIM|SIM|NÃO|9938
SIM|NÃO|NÃO|5640
SIM|NÃO|NÃO|5569
SIM|SIM|SIM|5695
SIM|SIM|NÃO|2980
SIM|SIM|NÃO|2152
SIM|NÃO|NÃO|7354
SIM|NÃO|NÃO|8202
SIM|NÃO|NÃO|7850
SIM|NÃO|NÃO|7900
SIM|SIM|NÃO|8926
SIM|SIM|NÃO|1111
NÃO|NÃO|NÃO|9644
SIM|SIM|SIM|2684
SIM|SIM|NÃO|719
SIM|NÃO|NÃO|8419
SIM|SIM|NÃO|9239
SIM|NÃO|NÃO|9476
SIM|NÃO|NÃO|3223
SIM|NÃO|NÃO|8297
SIM|NÃO|NÃO|852
SIM|SIM|NÃO|8916
SIM|SIM|SIM|1143
SIM|SIM|NÃO|7572
SIM|NÃO|NÃO|971
SIM|SIM|NÃO|8956
SIM|NÃO|NÃO|1343
SIM|SIM|SIM|2689
SIM|SIM|SIM|1683
SIM|SIM|SIM|9306
SIM|SIM|NÃO|5810
SIM|SIM|NÃO|9168
NÃO|NÃO|NÃO|1431
SIM|NÃO|NÃO|999
SIM|SIM|SIM|6553
NÃO|NÃO|NÃO|9086
SIM|NÃO|NÃO|1071
NÃO|NÃO|NÃO|1078
NÃO|NÃO|NÃO|1081
SIM|NÃO|NÃO|1084
NÃO|NÃO|NÃO|1094
SIM|SIM|NÃO|6059
NÃO|NÃO|NÃO|6700
NÃO|NÃO|NÃO|4289
SIM|NÃO|NÃO|6797
SIM|NÃO|NÃO|7484
SIM|SIM|NÃO|1026
SIM|NÃO|NÃO|4902
SIM|NÃO|NÃO|8903
SIM|NÃO|NÃO|946
SIM|NÃO|NÃO|5043
SIM|NÃO|NÃO|953
SIM|NÃO|NÃO|4982
SIM|NÃO|NÃO|9948
SIM|SIM|NÃO|6083
SIM|SIM|SIM|2238
NÃO|NÃO|NÃO|1101
SIM|SIM|SIM|1167
SIM|SIM|SIM|1183
SIM|SIM|SIM|1314
SIM|NÃO|NÃO|3548
SIM|SIM|SIM|1105
SIM|NÃO|NÃO|6704
SIM|NÃO|NÃO|3232
SIM|SIM|NÃO|2350
SIM|NÃO|NÃO|3789
SIM|NÃO|NÃO|1151
NÃO|NÃO|NÃO|1180
NÃO|NÃO|NÃO|8661
NÃO|NÃO|NÃO|5405
NÃO|NÃO|NÃO|5641
SIM|SIM|NÃO|3110
SIM|SIM|SIM|9640
SIM|NÃO|NÃO|7838
SIM|NÃO|NÃO|6882
SIM|NÃO|NÃO|2959
SIM|NÃO|NÃO|5313
SIM|NÃO|NÃO|9324
SIM|SIM|NÃO|3881
NÃO|NÃO|NÃO|6438
SIM|SIM|NÃO|1941
SIM|NÃO|NÃO|4188
SIM|SIM|SIM|5155
SIM|NÃO|NÃO|8750
SIM|NÃO|NÃO|1228
SIM|NÃO|NÃO|8280
SIM|SIM|SIM|3900
SIM|NÃO|NÃO|1252
SIM|NÃO|NÃO|8947
SIM|SIM|SIM|2279
SIM|SIM|SIM|1259
SIM|SIM|SIM|6038
SIM|NÃO|NÃO|8561
SIM|SIM|SIM|6363
SIM|SIM|NÃO|7851
SIM|SIM|SIM|1309
SIM|SIM|NÃO|5440
SIM|SIM|NÃO|6839
SIM|SIM|SIM|5147
SIM|NÃO|NÃO|10040
SIM|NÃO|NÃO|6838
SIM|NÃO|NÃO|1406
SIM|NÃO|NÃO|9790
SIM|SIM|SIM|6913
SIM|NÃO|NÃO|8609
NÃO|NÃO|NÃO|7974
SIM|SIM|NÃO|7999
SIM|SIM|SIM|1450
SIM|NÃO|NÃO|385
SIM|NÃO|NÃO|982
SIM|NÃO|NÃO|9262
SIM|SIM|NÃO|8937
SIM|SIM|SIM|6378
SIM|SIM|SIM|6490
SIM|NÃO|NÃO|4470
SIM|SIM|NÃO|2668
SIM|SIM|SIM|325
SIM|SIM|NÃO|3906
SIM|NÃO|NÃO|6703
SIM|NÃO|NÃO|315
SIM|SIM|NÃO|8123
NÃO|NÃO|NÃO|6532
SIM|SIM|SIM|4870
SIM|SIM|SIM|5229
SIM|NÃO|NÃO|8881
SIM|SIM|NÃO|2550
SIM|SIM|SIM|35
NÃO|NÃO|NÃO|1807
NÃO|NÃO|NÃO|4025
NÃO|NÃO|NÃO|8858
SIM|SIM|SIM|7694
SIM|SIM|SIM|9055
SIM|SIM|SIM|5565
SIM|SIM|SIM|6238
SIM|NÃO|NÃO|8244
SIM|SIM|NÃO|4179
SIM|SIM|NÃO|492
SIM|SIM|NÃO|4494
SIM|NÃO|NÃO|882
SIM|NÃO|NÃO|1247
SIM|NÃO|NÃO|1299
SIM|NÃO|NÃO|9080
SIM|SIM|NÃO|1420
SIM|SIM|SIM|1418
SIM|SIM|SIM|8699
SIM|SIM|SIM|5151
SIM|SIM|NÃO|4901
SIM|SIM|SIM|6444
SIM|SIM|SIM|6196
SIM|NÃO|NÃO|8292
NÃO|NÃO|NÃO|8634
SIM|SIM|SIM|1474
NÃO|NÃO|NÃO|3099
SIM|SIM|SIM|437
SIM|SIM|SIM|3075
SIM|SIM|SIM|354
SIM|SIM|SIM|2168
SIM|SIM|NÃO|8117
SIM|SIM|SIM|1171
SIM|SIM|NÃO|8233
SIM|NÃO|NÃO|3293
SIM|SIM|SIM|3103
SIM|NÃO|NÃO|7217
SIM|SIM|SIM|2481
SIM|SIM|SIM|2890
SIM|SIM|SIM|2247
NÃO|NÃO|NÃO|5697
SIM|SIM|SIM|2559
SIM|SIM|SIM|6258
SIM|SIM|SIM|2933
SIM|SIM|SIM|2227
SIM|SIM|SIM|7714
SIM|SIM|SIM|4378
NÃO|NÃO|NÃO|1208
SIM|SIM|SIM|8034
SIM|NÃO|NÃO|3675
SIM|SIM|NÃO|2012
SIM|SIM|SIM|7670
SIM|SIM|SIM|4348
SIM|NÃO|NÃO|117
SIM|SIM|SIM|2730
SIM|SIM|SIM|2240
SIM|SIM|SIM|4312
SIM|SIM|SIM|2010
SIM|SIM|SIM|3641
SIM|SIM|NÃO|3400
SIM|SIM|SIM|9085
SIM|NÃO|NÃO|5748
SIM|SIM|SIM|4319
SIM|SIM|NÃO|2117
SIM|SIM|SIM|2134
NÃO|NÃO|NÃO|4875
SIM|SIM|SIM|1836
SIM|NÃO|NÃO|1301
SIM|NÃO|NÃO|9864
SIM|NÃO|NÃO|43
SIM|NÃO|NÃO|9928
SIM|SIM|NÃO|2320
SIM|SIM|NÃO|3912
SIM|SIM|NÃO|2426
SIM|SIM|NÃO|2375
SIM|SIM|SIM|5262
SIM|NÃO|NÃO|860
SIM|SIM|SIM|6226
SIM|SIM|NÃO|4329
SIM|SIM|SIM|5972
SIM|SIM|NÃO|5471
SIM|SIM|SIM|4446
SIM|NÃO|NÃO|4092
SIM|SIM|SIM|1705
SIM|SIM|SIM|8166
SIM|SIM|SIM|9199
SIM|SIM|SIM|5661
SIM|SIM|SIM|8220
SIM|SIM|NÃO|1845
SIM|NÃO|NÃO|8630
SIM|SIM|NÃO|8638
SIM|SIM|SIM|3931
NÃO|NÃO|NÃO|6495
SIM|NÃO|NÃO|6318
SIM|SIM|SIM|5164
SIM|SIM|NÃO|616
SIM|SIM|NÃO|4310
SIM|NÃO|NÃO|8041
SIM|NÃO|NÃO|3674
SIM|NÃO|NÃO|1675
SIM|SIM|SIM|1598
NÃO|NÃO|NÃO|8989
SIM|SIM|SIM|3302
SIM|SIM|NÃO|3890
SIM|SIM|SIM|9883
SIM|SIM|SIM|1515
SIM|SIM|SIM|9103
SIM|SIM|SIM|2068
SIM|SIM|NÃO|1655
SIM|NÃO|NÃO|1041
NÃO|NÃO|NÃO|5746
NÃO|NÃO|NÃO|3612
SIM|NÃO|NÃO|3147
SIM|SIM|NÃO|8816
SIM|SIM|SIM|5219
SIM|SIM|SIM|7453
SIM|NÃO|NÃO|3767
SIM|SIM|SIM|2574
NÃO|NÃO|NÃO|9892
SIM|SIM|NÃO|2343
SIM|SIM|SIM|5022
SIM|NÃO|NÃO|5371
NÃO|NÃO|NÃO|1341
SIM|SIM|SIM|5731
SIM|SIM|SIM|2750
SIM|SIM|SIM|7906
SIM|SIM|NÃO|4701
SIM|SIM|SIM|3783
SIM|SIM|NÃO|2656
SIM|SIM|NÃO|4178
SIM|NÃO|NÃO|5411
SIM|SIM|NÃO|4534
SIM|NÃO|NÃO|6323
NÃO|NÃO|NÃO|3926
NÃO|NÃO|NÃO|4631
SIM|NÃO|NÃO|790
SIM|SIM|SIM|8673
SIM|NÃO|NÃO|5971
SIM|NÃO|NÃO|8636
NÃO|NÃO|NÃO|6191
SIM|NÃO|NÃO|7083
SIM|NÃO|NÃO|3383
SIM|NÃO|NÃO|5993
SIM|NÃO|NÃO|9145
SIM|NÃO|NÃO|828
SIM|SIM|SIM|1031
SIM|NÃO|NÃO|36
SIM|SIM|SIM|4548
SIM|NÃO|NÃO|3734
SIM|NÃO|NÃO|8635
SIM|SIM|SIM|4353
SIM|SIM|SIM|5031
SIM|SIM|SIM|5551
SIM|NÃO|NÃO|9200
SIM|SIM|SIM|6331
SIM|SIM|SIM|8705
SIM|NÃO|NÃO|3733
SIM|SIM|SIM|2892
SIM|SIM|NÃO|7720
SIM|SIM|SIM|4427
SIM|SIM|SIM|4290
SIM|SIM|SIM|635
NÃO|NÃO|NÃO|7591
SIM|SIM|SIM|5372
SIM|NÃO|NÃO|1323
SIM|NÃO|NÃO|4708
SIM|SIM|NÃO|1846
SIM|NÃO|NÃO|1939
SIM|SIM|NÃO|449
SIM|SIM|SIM|2385
SIM|SIM|SIM|2844
SIM|SIM|SIM|4780
SIM|SIM|SIM|464
SIM|NÃO|NÃO|5875
SIM|SIM|SIM|1947
SIM|SIM|SIM|1690
SIM|SIM|SIM|8214
SIM|SIM|SIM|2528
SIM|NÃO|NÃO|4049
SIM|SIM|NÃO|1968
SIM|SIM|NÃO|1948
SIM|NÃO|NÃO|3003
SIM|NÃO|NÃO|5281
SIM|NÃO|NÃO|3230
SIM|SIM|SIM|8408
SIM|NÃO|NÃO|5920
SIM|SIM|SIM|477
SIM|SIM|SIM|487
SIM|NÃO|NÃO|8558
NÃO|NÃO|NÃO|5629
NÃO|NÃO|NÃO|1496
SIM|SIM|NÃO|8662
SIM|NÃO|NÃO|4417
SIM|NÃO|NÃO|8424
SIM|SIM|NÃO|8906
SIM|NÃO|NÃO|1622
NÃO|NÃO|NÃO|1893
SIM|SIM|SIM|2435
SIM|SIM|NÃO|1848
SIM|SIM|SIM|7276
SIM|SIM|SIM|6848
SIM|SIM|SIM|2534
SIM|NÃO|NÃO|5150
SIM|SIM|NÃO|171
SIM|SIM|NÃO|5227
SIM|SIM|SIM|4275
SIM|SIM|SIM|9035
SIM|SIM|SIM|1872
SIM|NÃO|NÃO|1124
NÃO|NÃO|NÃO|582
NÃO|NÃO|NÃO|7046
SIM|SIM|SIM|5988
SIM|NÃO|NÃO|8620
SIM|SIM|SIM|9126
NÃO|NÃO|NÃO|9258
SIM|SIM|SIM|6357
NÃO|NÃO|NÃO|1511
SIM|NÃO|NÃO|8303
SIM|SIM|SIM|8503
SIM|SIM|NÃO|2526
SIM|SIM|SIM|1540
SIM|SIM|SIM|6237
SIM|NÃO|NÃO|5942
SIM|SIM|NÃO|5729
NÃO|NÃO|NÃO|2681
NÃO|NÃO|NÃO|7871
SIM|SIM|SIM|757
SIM|SIM|SIM|4956
SIM|SIM|SIM|2761
SIM|SIM|SIM|4220
SIM|SIM|SIM|5662
SIM|SIM|SIM|4520
SIM|SIM|NÃO|6047
SIM|SIM|NÃO|7543
SIM|SIM|SIM|2818
SIM|SIM|NÃO|6881
SIM|SIM|SIM|7173
SIM|SIM|NÃO|1207
SIM|SIM|NÃO|8569
SIM|SIM|SIM|3950
SIM|SIM|SIM|5774
SIM|SIM|NÃO|7464
SIM|SIM|NÃO|9203
SIM|SIM|NÃO|6247
SIM|SIM|NÃO|3472
SIM|SIM|NÃO|6983
SIM|SIM|NÃO|7581
SIM|SIM|NÃO|2739
SIM|SIM|NÃO|7517
SIM|SIM|SIM|6393
SIM|SIM|SIM|3827
SIM|SIM|NÃO|5359
SIM|SIM|SIM|9413
SIM|SIM|SIM|4642
SIM|SIM|NÃO|1711
SIM|SIM|SIM|3138
SIM|SIM|SIM|2888
SIM|SIM|NÃO|3617
SIM|SIM|NÃO|5220
SIM|SIM|SIM|2905
SIM|SIM|SIM|3192
SIM|SIM|NÃO|2906
SIM|SIM|SIM|8249
SIM|SIM|NÃO|6982
SIM|SIM|SIM|457
SIM|SIM|SIM|4501
SIM|SIM|NÃO|7941
SIM|SIM|NÃO|2286
SIM|SIM|SIM|7745
SIM|SIM|SIM|7032
SIM|SIM|SIM|3205
SIM|SIM|SIM|3041
SIM|SIM|NÃO|4196
SIM|SIM|SIM|6481
SIM|SIM|NÃO|4175
SIM|SIM|NÃO|6788
SIM|SIM|NÃO|2946
SIM|SIM|NÃO|458
SIM|SIM|SIM|851
SIM|SIM|NÃO|7903
SIM|SIM|NÃO|4008
SIM|SIM|NÃO|1493
SIM|SIM|SIM|5924
SIM|SIM|SIM|2836
SIM|SIM|SIM|847
SIM|SIM|NÃO|7291
SIM|SIM|SIM|4788
SIM|SIM|SIM|4813
SIM|SIM|NÃO|4167
SIM|SIM|NÃO|2838
SIM|SIM|NÃO|2093
SIM|SIM|NÃO|2624
SIM|SIM|NÃO|5455
SIM|SIM|NÃO|4502
SIM|SIM|SIM|7047
SIM|SIM|SIM|7298
SIM|SIM|NÃO|5002
SIM|SIM|SIM|7598
SIM|SIM|NÃO|6239
SIM|SIM|NÃO|5067
SIM|SIM|SIM|4721
SIM|SIM|NÃO|6609
SIM|SIM|SIM|2634
SIM|SIM|NÃO|2895
SIM|SIM|SIM|3961
SIM|SIM|NÃO|3359
SIM|SIM|NÃO|7468
SIM|SIM|SIM|2908
SIM|SIM|NÃO|6462
SIM|SIM|NÃO|4249
SIM|SIM|SIM|2948
SIM|SIM|SIM|2828
SIM|SIM|SIM|4385
SIM|SIM|NÃO|4499
SIM|SIM|NÃO|2144
SIM|SIM|NÃO|8521
SIM|SIM|NÃO|2597
SIM|SIM|SIM|1458
SIM|SIM|NÃO|7048
SIM|SIM|SIM|470
SIM|SIM|NÃO|2244
SIM|SIM|NÃO|9182
SIM|SIM|NÃO|5563
SIM|SIM|NÃO|2616
SIM|SIM|NÃO|6606
SIM|SIM|NÃO|7574
SIM|SIM|NÃO|6467
SIM|SIM|SIM|4185
SIM|SIM|SIM|6851
SIM|SIM|SIM|6298
SIM|SIM|NÃO|3930
SIM|SIM|SIM|9185
SIM|SIM|SIM|8185
SIM|SIM|SIM|6153
SIM|SIM|NÃO|7840
SIM|SIM|NÃO|3011
SIM|SIM|SIM|2837
SIM|SIM|NÃO|4559
SIM|SIM|NÃO|8757
SIM|SIM|SIM|3260
SIM|SIM|NÃO|1373
SIM|SIM|SIM|4130
SIM|SIM|SIM|598
SIM|SIM|SIM|7084
SIM|SIM|SIM|7038
SIM|SIM|SIM|8656
SIM|SIM|NÃO|2899
SIM|SIM|NÃO|2639
SIM|SIM|NÃO|8453
SIM|SIM|SIM|5997
SIM|SIM|SIM|6015
SIM|SIM|SIM|5024
SIM|SIM|SIM|4217
SIM|SIM|SIM|4469
SIM|SIM|NÃO|6526
SIM|SIM|NÃO|7754
SIM|SIM|NÃO|7372
SIM|SIM|SIM|6823
SIM|SIM|NÃO|1212
SIM|SIM|SIM|5955
SIM|SIM|NÃO|4585
SIM|SIM|NÃO|2725
SIM|SIM|NÃO|7249
SIM|SIM|NÃO|7602
SIM|SIM|SIM|4715
SIM|SIM|SIM|2867
SIM|SIM|NÃO|2245
SIM|SIM|SIM|8194
SIM|SIM|SIM|7272
SIM|SIM|NÃO|5380
SIM|SIM|NÃO|3468
SIM|SIM|SIM|5899
SIM|SIM|NÃO|2827
SIM|SIM|NÃO|3613
SIM|SIM|NÃO|9008
SIM|SIM|NÃO|4874
SIM|SIM|NÃO|7346
SIM|SIM|SIM|3936
SIM|SIM|SIM|4507
SIM|SIM|SIM|6660
SIM|SIM|NÃO|150
SIM|SIM|NÃO|6815
SIM|SIM|SIM|7816
SIM|SIM|SIM|9242
SIM|SIM|NÃO|3005
SIM|SIM|SIM|7665
SIM|SIM|SIM|3875
SIM|SIM|SIM|590
SIM|SIM|SIM|2947
SIM|SIM|NÃO|5230
SIM|SIM|SIM|3361
SIM|SIM|SIM|5163
SIM|SIM|NÃO|4518
SIM|SIM|SIM|2249
SIM|SIM|SIM|7269
SIM|SIM|SIM|2823
SIM|SIM|NÃO|8839
NÃO|NÃO|NÃO|1981
SIM|SIM|SIM|2275
NÃO|NÃO|NÃO|5669
SIM|SIM|NÃO|6016
SIM|SIM|SIM|3094
SIM|SIM|NÃO|4497
NÃO|NÃO|NÃO|7447
SIM|SIM|NÃO|7587
SIM|SIM|NÃO|9649
SIM|SIM|NÃO|355
SIM|SIM|NÃO|8870
SIM|SIM|NÃO|7403
SIM|SIM|NÃO|7074
SIM|SIM|NÃO|5509
SIM|SIM|NÃO|8913
SIM|SIM|NÃO|7976
SIM|SIM|NÃO|141
SIM|SIM|NÃO|3727
SIM|SIM|NÃO|8941
SIM|SIM|NÃO|6207
SIM|SIM|NÃO|1274
SIM|SIM|SIM|2224
SIM|SIM|SIM|5976
SIM|SIM|SIM|7487
SIM|SIM|NÃO|2339
SIM|SIM|NÃO|9039
SIM|SIM|NÃO|1227
SIM|SIM|NÃO|7010
SIM|SIM|SIM|2529
SIM|SIM|NÃO|433
SIM|SIM|NÃO|1407
SIM|SIM|SIM|3937
SIM|SIM|NÃO|1136
SIM|SIM|SIM|6734
SIM|SIM|NÃO|7114
SIM|SIM|SIM|6345
SIM|SIM|NÃO|2747
SIM|SIM|SIM|7001
SIM|SIM|NÃO|9197
SIM|SIM|NÃO|6455
SIM|SIM|NÃO|4495
SIM|SIM|SIM|2468
SIM|SIM|NÃO|5573
SIM|SIM|NÃO|2406
SIM|SIM|NÃO|1417
SIM|SIM|NÃO|9130
SIM|SIM|NÃO|5856
SIM|SIM|SIM|7021
SIM|SIM|NÃO|6025
SIM|SIM|NÃO|6856
SIM|SIM|NÃO|9666
SIM|SIM|SIM|8035
SIM|SIM|NÃO|2774
SIM|SIM|SIM|6218
SIM|SIM|SIM|4517
SIM|SIM|NÃO|8395
SIM|SIM|NÃO|8796
SIM|SIM|NÃO|4861
NÃO|NÃO|NÃO|7827
SIM|SIM|NÃO|341
SIM|SIM|SIM|1504
SIM|SIM|SIM|2505
SIM|SIM|NÃO|1930
SIM|SIM|SIM|3759
SIM|SIM|NÃO|4886
SIM|SIM|SIM|2288
SIM|SIM|SIM|8179
SIM|SIM|SIM|5586
SIM|SIM|NÃO|3039
SIM|SIM|SIM|3660
SIM|SIM|NÃO|2364
SIM|SIM|NÃO|8571
SIM|SIM|SIM|1763
SIM|SIM|SIM|7980
SIM|SIM|NÃO|6026
SIM|SIM|NÃO|1708
SIM|SIM|SIM|7178
SIM|SIM|NÃO|5938
SIM|SIM|SIM|5975
SIM|SIM|SIM|6252
SIM|SIM|NÃO|9164
SIM|SIM|SIM|3277
SIM|SIM|SIM|3236
SIM|SIM|NÃO|6219
SIM|SIM|SIM|9463
SIM|SIM|NÃO|8132
SIM|SIM|NÃO|2780
SIM|SIM|NÃO|8510
SIM|SIM|SIM|5928
SIM|SIM|NÃO|6150
SIM|SIM|SIM|2098
SIM|SIM|NÃO|2429
SIM|SIM|NÃO|3757
SIM|SIM|NÃO|1749
SIM|SIM|NÃO|6225
NÃO|NÃO|NÃO|2295
SIM|SIM|NÃO|45
SIM|SIM|SIM|5937
SIM|SIM|SIM|3442
SIM|SIM|NÃO|600
SIM|SIM|SIM|8768
SIM|SIM|NÃO|9426
SIM|SIM|NÃO|8216
SIM|SIM|NÃO|919
SIM|SIM|NÃO|5231
SIM|SIM|NÃO|7977
NÃO|NÃO|NÃO|703
SIM|SIM|NÃO|1897
SIM|SIM|SIM|2556
SIM|SIM|SIM|6886
SIM|SIM|NÃO|7398
SIM|SIM|SIM|3895
SIM|SIM|SIM|2345
SIM|SIM|NÃO|8081
SIM|SIM|NÃO|3375
SIM|SIM|NÃO|2387
SIM|SIM|SIM|6151
SIM|SIM|NÃO|2109
SIM|SIM|SIM|8319
SIM|SIM|NÃO|6275
SIM|SIM|NÃO|9261
SIM|SIM|SIM|9723
SIM|SIM|NÃO|7004
SIM|SIM|NÃO|8218
SIM|SIM|NÃO|813
SIM|SIM|SIM|4830
SIM|SIM|NÃO|7595
SIM|SIM|NÃO|2590
SIM|SIM|NÃO|1783
SIM|SIM|NÃO|5635
SIM|SIM|SIM|4252
SIM|SIM|NÃO|9662
SIM|SIM|NÃO|5681
SIM|SIM|NÃO|1134
SIM|SIM|NÃO|8232
SIM|SIM|SIM|2954
SIM|SIM|NÃO|5865
SIM|SIM|NÃO|4977
SIM|SIM|NÃO|5603
SIM|SIM|SIM|8008
SIM|SIM|NÃO|1258
SIM|SIM|NÃO|8306
SIM|SIM|SIM|7961
SIM|SIM|SIM|2852
NÃO|NÃO|NÃO|8551
SIM|SIM|NÃO|6262
SIM|SIM|SIM|4345
SIM|SIM|NÃO|920
SIM|SIM|NÃO|7979
SIM|SIM|NÃO|9660
SIM|SIM|NÃO|9132
SIM|SIM|NÃO|8363
NÃO|NÃO|NÃO|8204
SIM|SIM|SIM|4015
SIM|SIM|NÃO|1254
SIM|SIM|SIM|9241
SIM|SIM|NÃO|6784
SIM|SIM|SIM|7364
SIM|SIM|SIM|9138
SIM|SIM|NÃO|5933
SIM|SIM|NÃO|2524
SIM|SIM|NÃO|2140
SIM|SIM|NÃO|1050
SIM|SIM|NÃO|9048
SIM|SIM|NÃO|8036
SIM|SIM|SIM|6735
SIM|SIM|NÃO|1014
SIM|SIM|NÃO|2466
SIM|SIM|NÃO|6625
SIM|SIM|NÃO|2174
SIM|SIM|NÃO|4254
SIM|SIM|NÃO|8465
SIM|SIM|NÃO|1146
SIM|SIM|NÃO|8048
SIM|SIM|NÃO|4696
SIM|SIM|NÃO|820
SIM|SIM|NÃO|9882
SIM|SIM|NÃO|6148
SIM|SIM|NÃO|6997
SIM|SIM|NÃO|1184
SIM|SIM|SIM|2628
SIM|SIM|NÃO|6040
SIM|SIM|NÃO|7550
SIM|SIM|NÃO|5897
SIM|SIM|NÃO|9808
SIM|SIM|NÃO|1177
SIM|SIM|NÃO|7448
NÃO|NÃO|NÃO|6611
SIM|SIM|SIM|4235
SIM|SIM|SIM|6121
SIM|SIM|NÃO|9699
SIM|SIM|NÃO|2253
SIM|SIM|NÃO|7780
SIM|SIM|SIM|7011
SIM|SIM|SIM|8052
NÃO|NÃO|NÃO|6182
SIM|SIM|NÃO|5670
SIM|SIM|NÃO|7311
SIM|SIM|NÃO|307
SIM|SIM|NÃO|3389
SIM|SIM|SIM|2373
SIM|SIM|SIM|3106
SIM|SIM|NÃO|5751
SIM|SIM|NÃO|7983
SIM|SIM|SIM|8039
SIM|SIM|NÃO|412
NÃO|NÃO|NÃO|1858
SIM|SIM|SIM|5758
SIM|SIM|NÃO|6626
NÃO|NÃO|NÃO|1698
SIM|SIM|NÃO|5776
SIM|SIM|SIM|8478
SIM|SIM|NÃO|1495
SIM|SIM|SIM|8463
SIM|SIM|SIM|2228
SIM|SIM|NÃO|1570
SIM|SIM|SIM|2232
SIM|SIM|NÃO|6610
SIM|SIM|NÃO|7509
SIM|SIM|NÃO|2330
SIM|SIM|SIM|9398
SIM|SIM|NÃO|5149
SIM|SIM|NÃO|5619
SIM|SIM|NÃO|8892
SIM|SIM|SIM|2555
SIM|SIM|SIM|1688
SIM|SIM|NÃO|5700
SIM|SIM|NÃO|9719
SIM|SIM|SIM|6423
SIM|SIM|NÃO|8009
SIM|SIM|NÃO|3557
SIM|SIM|SIM|1710
SIM|SIM|NÃO|5104
SIM|SIM|NÃO|5533
SIM|SIM|NÃO|3335
SIM|SIM|NÃO|7168
SIM|SIM|NÃO|2248
SIM|SIM|NÃO|10021
SIM|SIM|NÃO|6730
SIM|SIM|NÃO|6041
SIM|SIM|SIM|5127
SIM|SIM|NÃO|8593
SIM|SIM|NÃO|8418
SIM|SIM|NÃO|4791
SIM|SIM|SIM|2728
SIM|SIM|NÃO|4978
SIM|SIM|SIM|4975
SIM|SIM|NÃO|4789
SIM|SIM|SIM|2625
SIM|SIM|SIM|3427
SIM|SIM|NÃO|6391
SIM|SIM|SIM|6314
SIM|SIM|NÃO|3356
SIM|SIM|NÃO|6256
SIM|SIM|NÃO|7349
SIM|SIM|NÃO|7774
NÃO|NÃO|NÃO|8744
SIM|SIM|NÃO|9805
SIM|SIM|NÃO|1023
SIM|SIM|NÃO|5847
SIM|SIM|NÃO|4496
NÃO|NÃO|NÃO|1165
SIM|SIM|SIM|8349
SIM|SIM|SIM|2711
SIM|SIM|NÃO|3100
NÃO|NÃO|NÃO|2729
SIM|SIM|SIM|3739
SIM|SIM|NÃO|1761
SIM|SIM|NÃO|8211
SIM|SIM|NÃO|3368
SIM|SIM|SIM|2191
SIM|SIM|NÃO|9029
SIM|SIM|SIM|4400
SIM|SIM|SIM|3653
SIM|SIM|NÃO|9263
SIM|SIM|NÃO|1864
SIM|SIM|NÃO|6334
NÃO|NÃO|NÃO|7807
SIM|SIM|NÃO|7505
SIM|SIM|NÃO|8899
SIM|SIM|SIM|7388
SIM|SIM|NÃO|2688
SIM|SIM|SIM|2901
SIM|SIM|NÃO|815
SIM|SIM|NÃO|5982
SIM|SIM|SIM|9729
SIM|SIM|NÃO|3344
SIM|SIM|SIM|2877
SIM|SIM|SIM|7642
SIM|SIM|NÃO|1693
SIM|SIM|NÃO|3566
SIM|SIM|SIM|8142
SIM|SIM|SIM|3253
SIM|SIM|SIM|5243
SIM|SIM|SIM|7964
SIM|SIM|SIM|3055
SIM|SIM|NÃO|8065
SIM|SIM|NÃO|2992
SIM|SIM|SIM|5904
SIM|SIM|NÃO|8712
SIM|SIM|NÃO|7831
SIM|SIM|SIM|3165
SIM|SIM|SIM|8287
SIM|SIM|SIM|7258
SIM|SIM|SIM|6656
SIM|SIM|NÃO|6189
SIM|SIM|SIM|2961
SIM|SIM|SIM|5114
SIM|SIM|SIM|5676
SIM|SIM|NÃO|6174
SIM|SIM|SIM|8359
NÃO|NÃO|NÃO|7426
SIM|SIM|NÃO|4250
SIM|SIM|SIM|2940
SIM|SIM|SIM|5233
SIM|SIM|SIM|3337
SIM|SIM|SIM|3228
SIM|SIM|SIM|3088
SIM|SIM|SIM|3122
SIM|SIM|SIM|2613
SIM|SIM|NÃO|5336
SIM|SIM|NÃO|9192
SIM|SIM|NÃO|8356
SIM|SIM|NÃO|6508
SIM|SIM|NÃO|8243
SIM|SIM|NÃO|6426
SIM|SIM|NÃO|5123
SIM|SIM|NÃO|8647
SIM|SIM|NÃO|1755
SIM|SIM|NÃO|4711
SIM|SIM|SIM|2721
SIM|SIM|SIM|6828
SIM|SIM|SIM|7191
SIM|SIM|SIM|3038
SIM|SIM|NÃO|9912
SIM|SIM|NÃO|8902
SIM|SIM|SIM|8550
SIM|SIM|NÃO|4487
SIM|SIM|SIM|6273
SIM|SIM|SIM|2997
SIM|SIM|NÃO|9639
SIM|SIM|NÃO|5214
SIM|SIM|NÃO|3476
SIM|SIM|NÃO|956
SIM|SIM|SIM|3747
SIM|SIM|SIM|4560
SIM|SIM|SIM|8406
SIM|SIM|SIM|2205
SIM|SIM|NÃO|8900
SIM|SIM|SIM|6872
SIM|SIM|SIM|2999
SIM|SIM|SIM|3798
SIM|SIM|SIM|5799
SIM|SIM|SIM|7814
SIM|SIM|SIM|4396
SIM|SIM|SIM|2241
SIM|SIM|SIM|3047
SIM|SIM|SIM|9011
SIM|SIM|SIM|7365
SIM|SIM|SIM|2984
SIM|SIM|NÃO|5859
SIM|SIM|NÃO|519
SIM|SIM|SIM|9264
SIM|SIM|NÃO|1058
SIM|SIM|NÃO|996
SIM|SIM|SIM|1482
SIM|SIM|NÃO|6471
SIM|SIM|NÃO|4146
SIM|SIM|NÃO|6811
SIM|SIM|SIM|7132
SIM|SIM|SIM|7444
SIM|SIM|SIM|5990
SIM|SIM|NÃO|8310
SIM|SIM|SIM|1627
SIM|SIM|NÃO|3705
SIM|SIM|SIM|5541
SIM|SIM|NÃO|8924
SIM|SIM|SIM|2850
SIM|SIM|NÃO|5130
SIM|SIM|NÃO|7347
SIM|SIM|SIM|3498
SIM|SIM|SIM|5821
SIM|SIM|NÃO|3140
SIM|SIM|NÃO|1672
SIM|SIM|SIM|9214
SIM|SIM|SIM|8781
SIM|SIM|SIM|5934
SIM|SIM|SIM|6918
SIM|SIM|SIM|8685
SIM|SIM|SIM|8519
SIM|SIM|SIM|3736
SIM|SIM|SIM|9191
SIM|SIM|SIM|8804
SIM|SIM|SIM|979
SIM|SIM|SIM|7526
SIM|SIM|SIM|2914
SIM|SIM|SIM|9230
SIM|SIM|NÃO|5061
SIM|SIM|NÃO|2611
SIM|SIM|SIM|1984
SIM|SIM|NÃO|1273
SIM|SIM|SIM|3996
SIM|SIM|SIM|2226
SIM|SIM|SIM|6201
SIM|SIM|NÃO|3484
SIM|SIM|SIM|8785
SIM|SIM|NÃO|4164
SIM|SIM|SIM|5095
SIM|SIM|NÃO|3462
SIM|SIM|NÃO|8348
SIM|SIM|SIM|4456
SIM|SIM|SIM|4145
SIM|SIM|SIM|2752
SIM|SIM|SIM|3233
SIM|SIM|NÃO|1677
SIM|SIM|NÃO|2196
SIM|SIM|NÃO|1912
SIM|SIM|NÃO|7520
SIM|SIM|SIM|4928
SIM|SIM|SIM|2035
SIM|SIM|NÃO|4671
SIM|SIM|SIM|5337
SIM|SIM|NÃO|9969
SIM|SIM|SIM|5017
SIM|SIM|SIM|5047
SIM|SIM|SIM|4785
SIM|SIM|NÃO|8409
SIM|SIM|NÃO|9427
SIM|SIM|SIM|9026
SIM|SIM|NÃO|4245
SIM|SIM|NÃO|2678
SIM|SIM|SIM|4766
SIM|SIM|NÃO|5355
SIM|SIM|NÃO|1887
SIM|SIM|NÃO|843
SIM|SIM|SIM|1472
SIM|SIM|SIM|7877
SIM|SIM|NÃO|6430
SIM|SIM|NÃO|6457
SIM|SIM|SIM|7804
SIM|SIM|NÃO|819
SIM|SIM|NÃO|5272
SIM|SIM|SIM|364
SIM|SIM|SIM|6139
SIM|SIM|SIM|9290
SIM|SIM|NÃO|3561
SIM|SIM|SIM|2883
SIM|SIM|SIM|6864
SIM|SIM|NÃO|8639
SIM|SIM|SIM|3045
SIM|SIM|SIM|6676
SIM|SIM|SIM|7279
SIM|SIM|SIM|2886
SIM|SIM|SIM|3619
SIM|SIM|NÃO|8283
SIM|SIM|NÃO|7729
SIM|SIM|NÃO|8286
SIM|SIM|NÃO|2071
SIM|SIM|NÃO|7360
SIM|SIM|NÃO|4001
SIM|SIM|SIM|3949
SIM|SIM|NÃO|184
SIM|SIM|NÃO|7767
SIM|SIM|SIM|2459
SIM|SIM|SIM|3234
SIM|SIM|SIM|2929
SIM|SIM|SIM|7007
SIM|SIM|NÃO|208
SIM|SIM|SIM|5413
SIM|SIM|SIM|484
SIM|SIM|SIM|8271
SIM|SIM|NÃO|3237
SIM|SIM|SIM|6364
SIM|SIM|NÃO|2630
SIM|SIM|NÃO|7693
SIM|SIM|NÃO|1808
SIM|SIM|NÃO|3872
NÃO|NÃO|NÃO|7413
SIM|SIM|NÃO|7018
SIM|SIM|NÃO|7287
NÃO|NÃO|NÃO|7971
SIM|SIM|NÃO|6177
SIM|SIM|SIM|602
SIM|SIM|NÃO|8894
SIM|SIM|NÃO|132
SIM|SIM|NÃO|3304
SIM|SIM|NÃO|6661
SIM|SIM|NÃO|6678
SIM|SIM|SIM|7142
SIM|NÃO|NÃO|7556
SIM|SIM|NÃO|8013
SIM|SIM|SIM|7284
SIM|SIM|SIM|7030
SIM|SIM|SIM|6849
SIM|SIM|Não|3401
NÃO|NÃO|NÃO|334
NÃO|NÃO|NÃO|6667
NÃO|NÃO|NÃO|335
NÃO|NÃO|NÃO|1473
SIM|SIM|SIM|5902
NÃO|NÃO|NÃO|3156
SIM|SIM|SIM|7143
SIM|SIM|SIM|6713
SIM|SIM|SIM|7878
SIM|SIM|SIM|1004
NÃO|NÃO|NÃO|5557
SIM|SIM|SIM|7031
NÃO|NÃO|NÃO|456
SIM|NÃO|NÃO|331
NÃO|NÃO|NÃO|970
SIM|SIM|SIM|1925
NÃO|NÃO|NÃO|8946
SIM|SIM|NÃO|2663
NÃO|NÃO|NÃO|5158
NÃO|NÃO|NÃO|5438
NÃO|NÃO|NÃO|7117
SIM|SIM|SIM|2532
SIM|NÃO|NÃO|1699
SIM|SIM|SIM|2792
SIM|SIM|SIM|486
SIM|NÃO|NÃO|2851
SIM|SIM|SIM|9430
SIM|SIM|SIM|6655
SIM|NÃO|NÃO|521
SIM|SIM|NÃO|435
SIM|SIM|SIM|6577
SIM|SIM|NÃO|696
SIM|NÃO|NÃO|6631
SIM|SIM|NÃO|9220
SIM|SIM|SIM|4992
NÃO|NÃO|NÃO|3195
SIM|SIM|SIM|5236
SIM|SIM|SIM|5239
SIM|NÃO|NÃO|7870
NÃO|NÃO|NÃO|4318
SIM|NÃO|NÃO|6708
SIM|SIM|NÃO|3522
SIM|SIM|SIM|5841
SIM|SIM|SIM|6873
SIM|NÃO|NÃO|4918
NÃO|NÃO|NÃO|9389
NÃO|NÃO|NÃO|7376
SIM|NÃO|NÃO|3941
SIM|NÃO|NÃO|5389
SIM|SIM|NÃO|1757
SIM|SIM|NÃO|9450
SIM|NÃO|NÃO|9098
NÃO|NÃO|NÃO|8836
SIM|NÃO|NÃO|7839
SIM|SIM|NÃO|2482
NÃO|NÃO|NÃO|881
SIM|SIM|SIM|3535
NÃO|NÃO|NÃO|6658
SIM|SIM|NÃO|1068
NÃO|NÃO|NÃO|4317
SIM|SIM|SIM|3887
SIM|NÃO|NÃO|9469
NÃO|NÃO|NÃO|7368
NÃO|NÃO|NÃO|6707
NÃO|NÃO|NÃO|6679
SIM|SIM|SIM|7623
NÃO|NÃO|NÃO|1179
SIM|SIM|SIM|2732
SIM|SIM|NÃO|5808
SIM|SIM|NÃO|6657
SIM|SIM|SIM|4739
SIM|NÃO|NÃO|684
SIM|SIM|NÃO|1689
SIM|SIM|SIM|686
SIM|SIM|SIM|4498
SIM|SIM|SIM|1733
SIM|SIM|NÃO|6714
SIM|SIM|NÃO|5391
SIM|NÃO|NÃO|772
SIM|SIM|NÃO|9041
SIM|SIM|SIM|1042
NÃO|NÃO|NÃO|4700
NÃO|NÃO|NÃO|7198
SIM|SIM|NÃO|4398
NÃO|NÃO|NÃO|6198
NÃO|NÃO|NÃO|7090
SIM|SIM|SIM|6680
SIM|SIM|SIM|4994
SIM|SIM|SIM|3940
SIM|SIM|SIM|7281
SIM|SIM|NÃO|7470
SIM|SIM|NÃO|2137
SIM|NÃO|NÃO|981
SIM|SIM|NÃO|1512
SIM|SIM|NÃO|4579
SIM|SIM|NÃO|7970
SIM|NÃO|NÃO|7881
SIM|SIM|NÃO|3482
SIM|NÃO|NÃO|9890
SIM|SIM|NÃO|9396
SIM|SIM|SIM|2522
SIM|SIM|NÃO|9076
SIM|SIM|NÃO|1803
SIM|SIM|NÃO|9480
NÃO|NÃO|NÃO|7171
SIM|SIM|SIM|1813
NÃO|NÃO|NÃO|3406
SIM|NÃO|NÃO|462
SIM|SIM|SIM|7734
SIM|SIM|NÃO|1397
SIM|SIM|NÃO|2821
NÃO|NÃO|NÃO|1641
SIM|SIM|NÃO|8797
SIM|SIM|NÃO|1272
SIM|NÃO|NÃO|6907
SIM|NÃO|NÃO|2623
SIM|SIM|NÃO|7590
SIM|SIM|NÃO|9236
SIM|SIM|SIM|3495
SIM|SIM|NÃO|7060
SIM|SIM|SIM|4787
SIM|SIM|NÃO|5117
SIM|SIM|SIM|1785
SIM|SIM|SIM|9099
SIM|SIM|NÃO|8890
NÃO|NÃO|NÃO|989
NÃO|NÃO|NÃO|4132
SIM|SIM|NÃO|1012
NÃO|NÃO|NÃO|1018
SIM|NÃO|NÃO|5396
SIM|SIM|NÃO|1028
SIM|SIM|SIM|7786
SIM|NÃO|NÃO|939
SIM|NÃO|NÃO|7973
SIM|SIM|NÃO|5285
SIM|NÃO|NÃO|1095
SIM|NÃO|NÃO|1687
SIM|SIM|NÃO|379
SIM|SIM|SIM|4365
SIM|SIM|SIM|5664
SIM|SIM|NÃO|2977
SIM|SIM|NÃO|7144
SIM|SIM|SIM|795
SIM|NÃO|NÃO|9119
SIM|NÃO|NÃO|775
SIM|SIM|NÃO|7286
SIM|SIM|NÃO|6870
SIM|SIM|SIM|5401
SIM|SIM|SIM|3889
SIM|SIM|NÃO|995
SIM|SIM|NÃO|1712
NÃO|NÃO|NÃO|6520
NÃO|NÃO|NÃO|7812
SIM|SIM|NÃO|6737
SIM|SIM|NÃO|1003
SIM|SIM|NÃO|3538
SIM|SIM|SIM|7439
SIM|SIM|NÃO|1635
SIM|NÃO|NÃO|5088
SIM|NÃO|NÃO|3159
SIM|SIM|NÃO|7199
SIM|NÃO|NÃO|8707
SIM|SIM|NÃO|4632
NÃO|NÃO|NÃO|1832
SIM|SIM|SIM|3196
SIM|SIM|SIM|3634
SIM|SIM|NÃO|1782
SIM|SIM|NÃO|3523
SIM|SIM|NÃO|7959
NÃO|NÃO|NÃO|4767
SIM|SIM|NÃO|7854
SIM|SIM|NÃO|5555
SIM|SIM|NÃO|7855
SIM|NÃO|NÃO|3322
SIM|SIM|NÃO|169
SIM|SIM|NÃO|4076
SIM|SIM|NÃO|9121
SIM|NÃO|NÃO|1130
SIM|NÃO|NÃO|1131
SIM|SIM|NÃO|6662
SIM|SIM|SIM|1187
SIM|SIM|SIM|5575
SIM|NÃO|NÃO|3399
SIM|SIM|NÃO|4530
SIM|SIM|NÃO|6240
SIM|SIM|NÃO|6068
SIM|SIM|SIM|7880
SIM|NÃO|NÃO|7869
SIM|SIM|NÃO|6085
SIM|SIM|SIM|7498
SIM|SIM|SIM|9111
SIM|SIM|NÃO|8905
SIM|SIM|NÃO|1607
SIM|SIM|SIM|1933
SIM|SIM|NÃO|7028
SIM|SIM|NÃO|8017
SIM|SIM|SIM|1634
SIM|SIM|NÃO|9322
SIM|SIM|NÃO|4361
SIM|SIM|NÃO|3089
SIM|SIM|SIM|1657
SIM|SIM|SIM|5739
SIM|SIM|SIM|1994
SIM|SIM|NÃO|9348
SIM|SIM|SIM|1213
SIM|SIM|NÃO|4731
SIM|SIM|NÃO|1579
SIM|SIM|NÃO|3408
SIM|NÃO|NÃO|1372
SIM|SIM|NÃO|6683
SIM|SIM|NÃO|3799
SIM|SIM|NÃO|4728
SIM|SIM|NÃO|7972
SIM|SIM|SIM|1348
SIM|SIM|NÃO|4743
SIM|SIM|NÃO|7958
SIM|NÃO|NÃO|6031
SIM|SIM|NÃO|1279
SIM|SIM|NÃO|7821
SIM|SIM|NÃO|8587
SIM|SIM|SIM|2704
SIM|SIM|NÃO|2764
SIM|SIM|SIM|2578
SIM|SIM|NÃO|7029
SIM|SIM|SIM|7136
NÃO|NÃO|NÃO|7138
SIM|NÃO|NÃO|4251
SIM|SIM|NÃO|7969
SIM|SIM|SIM|6684
SIM|SIM|SIM|7174
SIM|SIM|NÃO|529
SIM|SIM|NÃO|8942
SIM|SIM|NÃO|3752
SIM|SIM|NÃO|9219
SIM|SIM|SIM|6677
SIM|NÃO|NÃO|6545
SIM|SIM|SIM|8002
SIM|SIM|NÃO|7397
SIM|SIM|NÃO|163
SIM|NÃO|NÃO|6601
SIM|NÃO|NÃO|9282
SIM|SIM|NÃO|7285
SIM|SIM|SIM|7295
NÃO|NÃO|NÃO|7713
SIM|SIM|NÃO|1543
SIM|SIM|NÃO|3486
SIM|SIM|SIM|8290
SIM|SIM|SIM|1000
SIM|SIM|NÃO|9069
SIM|SIM|NÃO|6155
SIM|SIM|não|812
SIM|SIM|não|8365
SIM|SIM|sim|2876
SIM|SIM|sim|7677
NÃO|NÃO|não|4686
SIM|SIM|sim|167
NÃO|NÃO|sim|4692
SIM|SIM|sim|2448
SIM|SIM|sim|2553
SIM|SIM|sim|2066
SIM|SIM|sim|664
SIM|SIM|sim|3624
SIM|SIM|sim|3058
SIM|SIM|não|3220
SIM|SIM|não|3107
SIM|SIM|sim|5903
SIM|SIM|sim|6768
SIM|SIM|sim|1850
SIM|SIM|sim|6274
SIM|SIM|não|8895
SIM|SIM|sim|1091
SIM|SIM|não|9927
SIM|SIM|sim|3932
NÃO|NÃO|sim|1093
SIM|SIM|não|8747
SIM|SIM|não|9338
SIM|SIM|sim|3118
SIM|SIM|não|9999
SIM|SIM|sim|883
SIM|SIM|sim|2206
SIM|SIM|sim|5110
SIM|SIM|sim|992
SIM|SIM|sim|7948
NÃO|NÃO|sim|530
SIM|SIM|não|3264
SIM|SIM|sim|1331
SIM|SIM|não|3221
SIM|SIM|sim|9888
SIM|SIM|sim|4213
SIM|SIM|sim|1400
SIM|SIM|sim|2116
SIM|SIM|sim|5797
SIM|SIM|sim|6833
SIM|SIM|sim|2664
SIM|SIM|sim|3673
SIM|SIM|sim|608
SIM|SIM|sim|8370
SIM|SIM|sim|2131
SIM|SIM|sim|6288
SIM|SIM|não|2239
SIM|SIM|sim|8719
SIM|sim|não|4209
SIM|SIM|sim|6276
SIM|SIM|não|9165
SIM|SIM|sim|4689
SIM|SIM|não|5274
SIM|SIM|não|5108
SIM|SIM|sim|3273
SIM|SIM|sim|6261
SIM|NÃO|não|844
NÃO|NÃO|sim|4880
SIM|SIM|sim|3524
SIM|SIM|sim|2145
SIM|SIM|não|9432
SIM|SIM|sim|3320
NÃO|NÃO|não|5207
SIM|SIM|não|8360
SIM|SIM|não|8102
SIM|SIM|sim|8875
SIM|SIM|não|8651
SIM|SIM|sim|4959
SIM|SIM|não|4899
SIM|SIM|não|4094
SIM|SIM|sim|2062
SIM|SIM|sim|578
SIM|SIM|não|2293
SIM|SIM|sim|913
NÃO|NÃO|sim|947
SIM|SIM|sim|2180
SIM|SIM|sim|569
SIM|SIM|não|4232
sim|sim|não|3531
SIM|SIM|não|4881
SIM|SIM|não|7328
SIM|SIM|sim|1874
SIM|SIM|sim|1248
SIM|SIM|sim|5077
SIM|SIM|não|3491
SIM|SIM|sim|6867
SIM|SIM|não|8827
SIM|SIM|sim|9118
SIM|SIM|sim|4958
SIM|SIM|não|9435
SIM|SIM|não|4783
SIM|SIM|não|7633
SIM|SIM|sim|3871
SIM|SIM|sim|1001
SIM|SIM|sim|3197
SIM|SIM|sim|1730
NÃO|NÃO|não|3983
SIM|SIM|sim|6575
SIM|SIM|sim|940
SIM|SIM|não|965
SIM|SIM|não|4390
SIM|SIM|sim|998
SIM|SIM|sim|6492
SIM|SIM|sim|5737
SIM|SIM|sim|3911
SIM|SIM|sim|6010
SIM|SIM|sim|4085
SIM|SIM|não|187
SIM|SIM|sim|1955
SIM|SIM|sim|4386
SIM|SIM|sim|2338
SIM|SIM|sim|1989
SIM|SIM|não|3492
SIM|SIM|sim|2192
SIM|SIM|sim|2436
SIM|SIM|não|9157
SIM|SIM|sim|3172
SIM|SIM|não|1315
SIM|SIM|não|2414
SIM|SIM|não|7494
SIM|SIM|sim|7775
SIM|SIM|não|2994
SIM|SIM|não|8067
sim|sim|não|3355
SIM|SIM|não|9050
SIM|SIM|sim|3945
SIM|SIM|sim|1245
SIM|SIM|não|8911
SIM|SIM|não|6171
SIM|SIM|não|8855
SIM|SIM|sim|2025
SIM|SIM|não|8697
SIM|SIM|sim|3722
SIM|SIM|não|8803
SIM|SIM|não|8566
SIM|SIM|sim|2390
SIM|SIM|sim|1664
SIM|SIM|não|9033
NÃO|NÃO|não|1161
SIM|SIM|sim|6664
SIM|SIM|sim|5154
SIM|SIM|não|2446
SIM|SIM|sim|2276
SIM|SIM|sim|1362
SIM|SIM|não|3640
SIM|SIM|sim|1770
SIM|SIM|sim|3252
SIM|SIM|sim|7825
SIM|SIM|não|8583
SIM|SIM|sim|1283
SIM|SIM|sim|2976
SIM|SIM|não|575
SIM|SIM|não|3365
NÃO|NÃO|não|1429
SIM|SIM|sim|8492
SIM|SIM|não|9468
SIM|SIM|não|3065
SIM|SIM|não|7702
SIM|SIM|não|2633
SIM|SIM|não|2795
SIM|SIM|sim|9231
SIM|SIM|sim|2209
SIM|SIM|não|5771
SIM|SIM|não|2463
SIM|SIM|não|6086
SIM|SIM|não|5790
SIM|SIM|não|5759
SIM|SIM|sim|5434
NÃO|NÃO|não|615
SIM|SIM|sim|1546
SIM|SIM|não|8403
SIM|SIM|não|7326
SIM|SIM|não|5362
SIM|SIM|sim|4966
sim|sim|não|701
SIM|NÃO|NÃO|3170
SIM|SIM|NÃO|4504
SIM|SIM|NÃO|1444
SIM|NÃO|NÃO|2592
SIM|SIM|SIM|2811
SIM|SIM|NÃO|7072
SIM|SIM|NÃO|5152
SIM|SIM|NÃO|5842
SIM|SIM|NÃO|32
SIM|NÃO|NÃO|4640
SIM|NÃO|NÃO|5973
SIM|SIM|SIM|5441
SIM|NÃO|NÃO|3245
SIM|SIM|SIM|3499
SIM|SIM|SIM|7548
SIM|SIM|SIM|3343
SIM|NÃO|NÃO|3688
SIM|NÃO|NÃO|698
SIM|SIM|SIM|5534
SIM|NÃO|NÃO|3723
SIM|SIM|NÃO|3120
SIM|SIM|SIM|893
SIM|SIM|NÃO|3942
SIM|SIM|NÃO|8960
SIM|SIM|NÃO|3227
SIM|NÃO|NÃO|8612
SIM|SIM|SIM|7006
SIM|NÃO|NÃO|3695
SIM|SIM|NÃO|369
SIM|SIM|SIM|351
SIM|NÃO|NÃO|6159
SIM|NÃO|NÃO|1145
SIM|SIM|NÃO|9058
SIM|SIM|SIM|8398
SIM|SIM|NÃO|6603
SIM|SIM|NÃO|22
SIM|SIM|NÃO|4364
SIM|NÃO|NÃO|4758
SIM|NÃO|NÃO|1402
SIM|NÃO|NÃO|3692
SIM|NÃO|NÃO|3693
SIM|NÃO|NÃO|6060
SIM|SIM|SIM|1558
SIM|NÃO|NÃO|4159
SIM|NÃO|NÃO|3332
SIM|SIM|SIM|2898
SIM|NÃO|NÃO|340
SIM|NÃO|NÃO|3717
SIM|SIM|NÃO|4387
SIM|SIM|NÃO|8961
SIM|NÃO|NÃO|3690
SIM|SIM|SIM|7549
SIM|SIM|SIM|5507
SIM|SIM|NÃO|1346
SIM|SIM|SIM|8304
SIM|SIM|NÃO|2449
SIM|SIM|NÃO|6786
SIM|NÃO|NÃO|818
SIM|SIM|NÃO|4443
SIM|SIM|NÃO|784
SIM|SIM|NÃO|9083
SIM|SIM|NÃO|5815
SIM|SIM|SIM|8780
SIM|SIM|NÃO|4377
SIM|NÃO|NÃO|2936
SIM|NÃO|NÃO|6866
SIM|SIM|NÃO|7783
SIM|SIM|SIM|7005
SIM|SIM|SIM|2885
SIM|SIM|SIM|3012
SIM|NÃO|NÃO|162
SIM|SIM|SIM|4438
SIM|NÃO|NÃO|9308
SIM|SIM|NÃO|5139
SIM|NÃO|NÃO|5762
SIM|SIM|NÃO|7859
SIM|SIM|SIM|9906
SIM|SIM|SIM|5893
SIM|SIM|NÃO|7820
SIM|SIM|SIM|5890
SIM|SIM|NÃO|9079
SIM|NÃO|NÃO|8342
SIM|SIM|NÃO|4198
SIM|SIM|NÃO|1824
SIM|SIM|NÃO|5443
SIM|SIM|SIM|2810
SIM|NÃO|NÃO|3603
SIM|SIM|NÃO|4432
SIM|SIM|SIM|3269
SIM|SIM|NÃO|8901
SIM|NÃO|NÃO|745
SIM|NÃO|NÃO|1214
SIM|NÃO|NÃO|780
SIM|SIM|SIM|6053
SIM|SIM|SIM|5138
SIM|NÃO|NÃO|3287
SIM|SIM|SIM|8115
SIM|NÃO|NÃO|2973
SIM|SIM|NÃO|9194
SIM|SIM|NÃO|1789
SIM|NÃO|NÃO|10008
SIM|NÃO|NÃO|3289
SIM|NÃO|NÃO|5457
SIM|SIM|SIM|5132
SIM|NÃO|NÃO|8613
SIM|NÃO|NÃO|4763
SIM|SIM|NÃO|537
SIM|SIM|SIM|6709
SIM|SIM|SIM|2849
SIM|NÃO|NÃO|3740
SIM|SIM|SIM|7331
SIM|NÃO|NÃO|3445
SIM|SIM|SIM|4929
SIM|SIM|NÃO|4062
SIM|SIM|NÃO|6585
SIM|SIM|NÃO|8094
SIM|SIM|NÃO|3324
SIM|SIM|NÃO|5129
SIM|SIM|SIM|2942
SIM|SIM|SIM|366
SIM|SIM|NÃO|8103
NÃO|NÃO|NÃO|5884
SIM|NÃO|NÃO|898
SIM|SIM|NÃO|4287
SIM|SIM|NÃO|814
SIM|SIM|NÃO|7050
SIM|NÃO|NÃO|9053
SIM|SIM|SIM|6236
SIM|SIM|NÃO|3576
NÃO|NÃO|NÃO|2928
SIM|NÃO|NÃO|1203
SIM|NÃO|NÃO|153
SIM|SIM|SIM|3096
SIM|SIM|NÃO|1587
SIM|NÃO|NÃO|9210
SIM|NÃO|NÃO|5429
SIM|NÃO|NÃO|3715
SIM|NÃO|NÃO|4755
SIM|SIM|SIM|5929
SIM|NÃO|NÃO|5529
SIM|SIM|NÃO|5625
SIM|SIM|NÃO|8812
SIM|NÃO|NÃO|697
SIM|SIM|NÃO|8240
NÃO|NÃO|NÃO|7772
SIM|SIM|SIM|9140
SIM|NÃO|NÃO|1250
SIM|SIM|SIM|9376
SIM|SIM|NÃO|5466
SIM|SIM|NÃO|2075
SIM|NÃO|NÃO|290
NÃO|NÃO|NÃO|6519
NÃO|NÃO|NÃO|1193
SIM|NÃO|NÃO|9355
SIM|SIM|NÃO|7065
SIM|SIM|SIM|7122
SIM|NÃO|NÃO|5506
SIM|NÃO|NÃO|2986
SIM|NÃO|NÃO|760
SIM|SIM|SIM|7052
SIM|NÃO|NÃO|4308
SIM|SIM|NÃO|5542
SIM|NÃO|NÃO|4336
SIM|SIM|SIM|9411
SIM|SIM|NÃO|8639
SIM|SIM|SIM|8180
SIM|SIM|NÃO|8756
SIM|SIM|NÃO|3791
SIM|NÃO|NÃO|1439
SIM|SIM|SIM|4246
SIM|SIM|NÃO|2987
SIM|SIM|SIM|5482
SIM|SIM|SIM|4444
SIM|SIM|NÃO|5730
SIM|SIM|SIM|3471
SIM|NÃO|NÃO|3309
SIM|SIM|NÃO|3837
SIM|NÃO|NÃO|2979
SIM|NÃO|NÃO|3760
SIM|SIM|NÃO|9388
SIM|NÃO|NÃO|3203
SIM|NÃO|NÃO|3426
NÃO|NÃO|NÃO|7471
SIM|SIM|NÃO|9366
SIM|SIM|NÃO|4165
SIM|SIM|NÃO|5782
SIM|SIM|SIM|5175
SIM|SIM|SIM|7193
SIM|SIM|NÃO|2649
SIM|SIM|NÃO|8677
SIM|SIM|NÃO|3808
SIM|SIM|NÃO|4539
SIM|SIM|SIM|7452
SIM|SIM|SIM|2451
SIM|SIM|NÃO|6792
SIM|SIM|NÃO|5284
SIM|SIM|NÃO|3807
SIM|SIM|NÃO|7486
SIM|SIM|NÃO|7112
SIM|SIM|NÃO|2676
SIM|SIM|NÃO|3179
SIM|SIM|NÃO|7290
SIM|SIM|NÃO|636
SIM|SIM|SIM|5194
SIM|SIM|SIM|3654
SIM|SIM|SIM|3948
SIM|SIM|NÃO|2038
SIM|SIM|NÃO|2108
SIM|SIM|SIM|7464
SIM|SIM|SIM|9203
SIM|SIM|NÃO|7704
SIM|SIM|NÃO|2921
SIM|SIM|SIM|1875
SIM|SIM|SIM|7589
SIM|SIM|NÃO|2519
SIM|SIM|NÃO|5114
SIM|SIM|NÃO|3046
SIM|SIM|NÃO|8135
SIM|SIM|NÃO|8340
SIM|SIM|NÃO|4331
SIM|SIM|NÃO|1822
SIM|SIM|NÃO|2020
SIM|SIM|NÃO|3806
SIM|SIM|SIM|7385
SIM|SIM|NÃO|4072
SIM|SIM|NÃO|2679
SIM|SIM|NÃO|5892
SIM|SIM|NÃO|1726
SIM|SIM|NÃO|5406
SIM|SIM|NÃO|5196
SIM|SIM|NÃO|6220
SIM|SIM|NÃO|2525
SIM|SIM|NÃO|7182
SIM|SIM|NÃO|350
SIM|SIM|SIM|1556
SIM|SIM|SIM|4375
SIM|SIM|NÃO|9249
SIM|SIM|NÃO|2972
SIM|SIM|NÃO|9078
SIM|SIM|NÃO|7337
SIM|SIM|SIM|8741
SIM|SIM|NÃO|5991
SIM|SIM|NÃO|2496
SIM|SIM|SIM|1370
SIM|SIM|SIM|6420
SIM|SIM|SIM|5798
SIM|SIM|SIM|3111
SIM|SIM|NÃO|1287
SIM|SIM|NÃO|7921
SIM|SIM|NÃO|7421
SIM|SIM|NÃO|7304
SIM|SIM|NÃO|5460
SIM|SIM|NÃO|1732
SIM|SIM|SIM|3119
SIM|SIM|SIM|3967
SIM|SIM|NÃO|2413
SIM|SIM|NÃO|5817
SIM|SIM|SIM|8410
SIM|SIM|NÃO|880
SIM|SIM|NÃO|1401
NÃO|NÃO|NÃO|2785
SIM|SIM|SIM|5750
SIM|SIM|SIM|7422
SIM|SIM|NÃO|2445
SIM|SIM|SIM|5032
SIM|SIM|SIM|4991
SIM|SIM|NÃO|6021
SIM|SIM|SIM|5374
SIM|SIM|SIM|5269
SIM|SIM|NÃO|3694
SIM|SIM|NÃO|3882
SIM|SIM|NÃO|8470
SIM|SIM|NÃO|9106
SIM|SIM|NÃO|9319
SIM|SIM|NÃO|2699
SIM|SIM|SIM|1934
SIM|SIM|SIM|1932
SIM|SIM|SIM|9093
SIM|SIM|NÃO|2860
SIM|SIM|NÃO|2499
SIM|SIM|NÃO|3121
SIM|SIM|NÃO|1328
SIM|SIM|SIM|6502
SIM|SIM|SIM|7218
SIM|SIM|NÃO|9368
SIM|SIM|NÃO|6321
SIM|SIM|SIM|498
SIM|SIM|NÃO|6572
SIM|SIM|SIM|5321
SIM|SIM|SIM|8338
SIM|SIM|SIM|4979
SIM|SIM|NÃO|7345
SIM|SIM|SIM|3574
SIM|SIM|SIM|7659
SIM|SIM|NÃO|7803
SIM|SIM|NÃO|2585
SIM|SIM|NÃO|7524
SIM|SIM|NÃO|2455
SIM|SIM|NÃO|1092
SIM|SIM|SIM|2945
SIM|SIM|NÃO|8059
SIM|SIM|NÃO|1820
SIM|SIM|NÃO|3049
SIM|SIM|NÃO|6981
SIM|SIM|NÃO|8686
SIM|SIM|NÃO|2637
SIM|SIM|SIM|2835
SIM|SIM|NÃO|9334
SIM|SIM|NÃO|2587
SIM|SIM|NÃO|1195
SIM|SIM|NÃO|1513
SIM|SIM|NÃO|2125
SIM|SIM|NÃO|8026
SIM|SIM|NÃO|3457
SIM|SIM|SIM|3577
SIM|SIM|SIM|5833
SIM|SIM|SIM|3708
SIM|SIM|SIM|7560
SIM|SIM|NÃO|7092
SIM|SIM|NÃO|2819
SIM|SIM|NÃO|5581
SIM|SIM|NÃO|3370
SIM|SIM|NÃO|2392
SIM|SIM|NÃO|2588
SIM|SIM|NÃO|2114
SIM|SIM|SIM|7131
SIM|SIM|NÃO|444
SIM|SIM|NÃO|1188
SIM|SIM|SIM|3239
SIM|SIM|NÃO|9150
SIM|SIM|NÃO|9156
SIM|SIM|NÃO|3946
SIM|SIM|NÃO|9205
SIM|SIM|SIM|2452
SIM|SIM|NÃO|2781
SIM|SIM|NÃO|2963
SIM|SIM|NÃO|7428
SIM|SIM|SIM|2046
SIM|SIM|NÃO|2651
SIM|SIM|NÃO|2501
SIM|SIM|SIM|8798
SIM|SIM|NÃO|5894
SIM|SIM|NÃO|2783
SIM|SIM|SIM|8842
SIM|SIM|SIM|6852
SIM|SIM|NÃO|3175
SIM|SIM|NÃO|7886
SIM|SIM|NÃO|7408
SIM|SIM|SIM|7953
SIM|SIM|SIM|3869
SIM|SIM|SIM|4920
SIM|SIM|NÃO|2841
SIM|SIM|SIM|7044
SIM|SIM|SIM|8725
SIM|SIM|SIM|6648
SIM|SIM|SIM|3838
SIM|SIM|SIM|3114
SIM|SIM|SIM|2857
SIM|SIM|SIM|373
SIM|SIM|NÃO|2158
SIM|SIM|NÃO|2444
SIM|SIM|SIM|7219
SIM|SIM|NÃO|9143
SIM|SIM|SIM|7362
SIM|SIM|NÃO|6403
SIM|SIM|NÃO|7275
SIM|SIM|NÃO|472
SIM|SIM|NÃO|4106
SIM|SIM|NÃO|7245
SIM|SIM|SIM|7531
SIM|SIM|NÃO|1819
SIM|SIM|SIM|5121
SIM|SIM|NÃO|5332
SIM|SIM|NÃO|3143
SIM|SIM|NÃO|5418
SIM|SIM|NÃO|6801
SIM|SIM|SIM|380
SIM|SIM|SIM|3211
SIM|SIM|SIM|3280
SIM|SIM|NÃO|5880
SIM|SIM|NÃO|7681
SIM|SIM|NÃO|5568
SIM|SIM|NÃO|3137
SIM|SIM|NÃO|8411
SIM|SIM|SIM|7631
SIM|SIM|SIM|7609
SIM|SIM|SIM|3451
SIM|SIM|NÃO|2417
SIM|SIM|NÃO|4258
SIM|SIM|NÃO|7776
SIM|SIM|SIM|2962
SIM|SIM|SIM|3735
SIM|SIM|NÃO|1879
SIM|SIM|SIM|3163
SIM|SIM|NÃO|3373
SIM|SIM|SIM|941
SIM|SIM|NÃO|7409
SIM|SIM|SIM|8814
SIM|SIM|SIM|4786
SIM|SIM|SIM|3234
SIM|SIM|NÃO|7129
SIM|SIM|SIM|4773
SIM|SIM|NÃO|1842
SIM|SIM|SIM|4158
SIM|SIM|NÃO|2518
SIM|SIM|NÃO|7221
SIM|SIM|SIM|4841
SIM|SIM|NÃO|208
SIM|SIM|NÃO|3704
SIM|SIM|NÃO|7687
NÃO|NÃO|NÃO|4594
NÃO|NÃO|NÃO|3167
SIM|SIM|NÃO|8853
SIM|SIM|NÃO|2073
SIM|SIM|NÃO|1589
SIM|NÃO|NÃO|7866
SIM|NÃO|NÃO|8581
SIM|NÃO|NÃO|5007
SIM|NÃO|NÃO|8879
SIM|NÃO|NÃO|17
SIM|NÃO|NÃO|8256
SIM|NÃO|NÃO|8722
SIM|NÃO|NÃO|7483
SIM|NÃO|NÃO|5866
SIM|NÃO|NÃO|7828
SIM|NÃO|NÃO|5052
NÃO|NÃO|NÃO|6653
NÃO|NÃO|NÃO|5912
SIM|SIM|sim|120
SIM|NÃO|NÃO|5036
SIM|SIM|não|8910
SIM|NÃO|NÃO|7730
SIM|NÃO|NÃO|2545
SIM|NÃO|NÃO|8141
SIM|NÃO|NÃO|7653
SIM|NÃO|NÃO|7488
SIM|SIM|sim|2982
NÃO|NÃO|NÃO|172
SIM|NÃO|NÃO|2593
SIM|NÃO|NÃO|9148
SIM|NÃO|NÃO|8040
SIM|NÃO|NÃO|7740
SIM|NÃO|NÃO|6496
NÃO|NÃO|NÃO|2800
SIM|SIM|não|2432
SIM|NÃO|NÃO|1318
SIM|NÃO|NÃO|6178
SIM|SIM|sim|3062
SIM|NÃO|NÃO|6254
SIM|NÃO|NÃO|8054
SIM|NÃO|NÃO|2313
SIM|NÃO|NÃO|6494
SIM|NÃO|NÃO|8897
NÃO|NÃO|NÃO|388
SIM|NÃO|NÃO|4968
SIM|SIM|não|2570
SIM|NÃO|NÃO|7469
SIM|NÃO|NÃO|3805
NÃO|NÃO|NÃO|4550
SIM|SIM|não|7626
SIM|NÃO|NÃO|8508
SIM|SIM|não|4380
SIM|SIM|sim|3066
SIM|NÃO|NÃO|3691
SIM|NÃO|NÃO|2663
SIM|NÃO|NÃO|8068
SIM|NÃO|NÃO|2027
SIM|NÃO|NÃO|479
SIM|NÃO|NÃO|9019
SIM|NÃO|NÃO|6750
NÃO|NÃO|NÃO|4466
NÃO|NÃO|NÃO|503
NÃO|NÃO|NÃO|5692
SIM|NÃO|NÃO|9128
SIM|SIM|não|8097
SIM|NÃO|NÃO|6307
SIM|SIM|não|550
NÃO|NÃO|NÃO|494
SIM|NÃO|NÃO|585
SIM|NÃO|NÃO|8267
SIM|NÃO|NÃO|9400
SIM|SIM|sim|4628
SIM|NÃO|NÃO|8070
SIM|NÃO|NÃO|4352
SIM|NÃO|NÃO|8050
NÃO|NÃO|NÃO|2300
SIM|SIM|não|622
SIM|SIM|sim|2255
SIM|NÃO|NÃO|4847
SIM|NÃO|NÃO|8028
SIM|NÃO|NÃO|8423
SIM|NÃO|NÃO|7995
SIM|NÃO|NÃO|9801
SIM|NÃO|NÃO|8069
SIM|NÃO|NÃO|6036
NÃO|NÃO|NÃO|850
NÃO|NÃO|NÃO|3917
SIM|SIM|sim|2298
SIM|NÃO|NÃO|7600
NÃO|NÃO|NÃO|4894
SIM|NÃO|NÃO|6106
SIM|NÃO|NÃO|4599
SIM|NÃO|NÃO|844
SIM|SIM|sim|2700
SIM|NÃO|NÃO|7476
SIM|NÃO|NÃO|7485
NÃO|NÃO|NÃO|681
SIM|NÃO|NÃO|6144
NÃO|NÃO|NÃO|3132
SIM|NÃO|NÃO|4733
SIM|NÃO|NÃO|2638
SIM|NÃO|NÃO|5922
SIM|NÃO|NÃO|741
SIM|NÃO|NÃO|4484
SIM|NÃO|NÃO|5915
SIM|NÃO|NÃO|4488
SIM|SIM|não|6900
SIM|NÃO|NÃO|8037
SIM|NÃO|NÃO|774
SIM|NÃO|NÃO|5116
SIM|NÃO|NÃO|139
SIM|NÃO|NÃO|8042
SIM|NÃO|NÃO|9922
SIM|NÃO|NÃO|8345
SIM|NÃO|NÃO|8889
SIM|NÃO|NÃO|6501
SIM|NÃO|NÃO|6555
SIM|NÃO|NÃO|957
SIM|NÃO|NÃO|6808
SIM|NÃO|NÃO|6399
SIM|NÃO|NÃO|4055
SIM|NÃO|NÃO|9449
SIM|NÃO|NÃO|8038
SIM|NÃO|NÃO|6295
SIM|NÃO|NÃO|8044
SIM|NÃO|NÃO|8499
SIM|NÃO|NÃO|9070
SIM|NÃO|NÃO|8475
SIM|NÃO|NÃO|6136
SIM|NÃO|NÃO|8051
SIM|NÃO|NÃO|7643
SIM|NÃO|NÃO|8344
SIM|NÃO|NÃO|3470
SIM|NÃO|NÃO|8542
SIM|SIM|não|6179
SIM|SIM|não|1017
SIM|NÃO|NÃO|1035
NÃO|NÃO|NÃO|1037
NÃO|NÃO|NÃO|1043
NÃO|NÃO|NÃO|5141
SIM|NÃO|NÃO|9907
SIM|NÃO|NÃO|8603
SIM|NÃO|NÃO|2001
SIM|NÃO|NÃO|9814
SIM|NÃO|NÃO|5028
NÃO|NÃO|NÃO|1100
SIM|NÃO|NÃO|8339
SIM|NÃO|NÃO|3960
SIM|NÃO|NÃO|5296
NÃO|NÃO|NÃO|3031
SIM|NÃO|NÃO|3843
SIM|NÃO|NÃO|8245
SIM|NÃO|NÃO|8084
SIM|NÃO|NÃO|2326
SIM|NÃO|NÃO|1965
SIM|NÃO|NÃO|7676
NÃO|NÃO|NÃO|4551
SIM|NÃO|NÃO|8514
SIM|NÃO|NÃO|8083
SIM|NÃO|NÃO|6914
SIM|NÃO|NÃO|943
SIM|NÃO|NÃO|1963
NÃO|NÃO|NÃO|3868
SIM|NÃO|NÃO|8919
SIM|SIM|sim|6180
SIM|SIM|sim|8929
SIM|NÃO|NÃO|9782
NÃO|NÃO|NÃO|4941
SIM|NÃO|NÃO|8082
SIM|NÃO|NÃO|8300
SIM|NÃO|NÃO|6042
NÃO|NÃO|NÃO|942
SIM|NÃO|NÃO|2934
SIM|NÃO|NÃO|984
SIM|NÃO|NÃO|987
SIM|SIM|não|2362
SIM|NÃO|NÃO|3308
NÃO|NÃO|NÃO|1096
SIM|NÃO|NÃO|9307
NÃO|NÃO|NÃO|1123
SIM|NÃO|NÃO|8366
SIM|NÃO|NÃO|6217
SIM|NÃO|NÃO|8743
SIM|NÃO|NÃO|7229
SIM|NÃO|NÃO|338
SIM|NÃO|NÃO|3177
SIM|NÃO|NÃO|4379
SIM|NÃO|NÃO|6876
SIM|SIM|NÃO|2258
SIM|SIM|NÃO|2548
SIM|NÃO|NÃO|8422
NÃO|NÃO|NÃO|4044
SIM|NÃO|NÃO|6666
SIM|SIM|NÃO|4463
NÃO|NÃO|NÃO|2782
SIM|NÃO|NÃO|9949
SIM|SIM|SIM|5896
SIM|SIM|NÃO|7130
SIM|NÃO|NÃO|9950
SIM|NÃO|NÃO|9727
SIM|NÃO|NÃO|8854
SIM|NÃO|NÃO|8866
SIM|NÃO|NÃO|8172
SIM|NÃO|NÃO|2612
SIM|NÃO|NÃO|8921
SIM|NÃO|NÃO|7880
SIM|SIM|NÃO|4226
NÃO|NÃO|NÃO|3977
NÃO|NÃO|NÃO|4591
SIM|SIM|NÃO|2061
SIM|SIM|NÃO|1469
NÃO|NÃO|NÃO|3700
SIM|SIM|NÃO|4732
SIM|NÃO|NÃO|1606
SIM|NÃO|NÃO|9909
SIM|NÃO|NÃO|9139
SIM|NÃO|NÃO|8922
SIM|NÃO|NÃO|4859
SIM|NÃO|NÃO|4350
SIM|NÃO|NÃO|3247
SIM|SIM|NÃO|8555
NÃO|NÃO|NÃO|1647
NÃO|NÃO|NÃO|2762
SIM|SIM|SIM|1664
SIM|SIM|SIM|1667
NÃO|NÃO|NÃO|4479
SIM|NÃO|NÃO|612
SIM|NÃO|NÃO|6309
SIM|SIM|NÃO|7077
NÃO|NÃO|NÃO|2033
SIM|NÃO|NÃO|7098
SIM|NÃO|NÃO|5118
SIM|NÃO|NÃO|8536
NÃO|NÃO|NÃO|6863
SIM|NÃO|NÃO|7680
SIM|NÃO|NÃO|8515
SIM|NÃO|NÃO|9923
SIM|NÃO|NÃO|1347
SIM|NÃO|NÃO|6360
SIM|NÃO|NÃO|7819
SIM|NÃO|NÃO|8693
NÃO|NÃO|NÃO|1962
SIM|NÃO|NÃO|5000
SIM|NÃO|NÃO|8847
SIM|NÃO|NÃO|8294
SIM|NÃO|NÃO|6875
NÃO|NÃO|NÃO|3590
SIM|NÃO|NÃO|4089
SIM|NÃO|NÃO|925
SIM|NÃO|NÃO|5286
SIM|NÃO|NÃO|8080
SIM|NÃO|NÃO|8074
SIM|NÃO|NÃO|8072
SIM|NÃO|NÃO|6945
SIM|NÃO|NÃO|8299
SIM|SIM|NÃO|3174
NÃO|NÃO|NÃO|2516
SIM|NÃO|NÃO|6927
SIM|NÃO|NÃO|3461
SIM|NÃO|NÃO|3737
SIM|NÃO|NÃO|3141
NÃO|NÃO|NÃO|1924
SIM|NÃO|NÃO|9860
SIM|NÃO|NÃO|9110
SIM|NÃO|NÃO|8146
SIM|NÃO|NÃO|8071
SIM|NÃO|NÃO|5023
SIM|NÃO|NÃO|8111
NÃO|NÃO|NÃO|5260
SIM|NÃO|NÃO|1894
SIM|NÃO|NÃO|1590
SIM|SIM|NÃO|8856
SIM|SIM|NÃO|611
NÃO|NÃO|NÃO|3965
SIM|SIM|NÃO|285
SIM|SIM|NÃO|1621
SIM|SIM|NÃO|9458
SIM|SIM|SIM|7294
SIM|SIM|NÃO|3618
SIM|NÃO|NÃO|5203
SIM|NÃO|NÃO|2214
SIM|NÃO|NÃO|5433
SIM|NÃO|NÃO|712
SIM|SIM|SIM|884
SIM|NÃO|NÃO|3758
SIM|SIM|NÃO|8484
NÃO|NÃO|NÃO|286
SIM|SIM|SIM|8695
SIM|NÃO|NÃO|878
SIM|NÃO|NÃO|6173
SIM|NÃO|NÃO|3775
SIM|SIM|NÃO|9125
SIM|NÃO|NÃO|2212
SIM|SIM|SIM|8698
SIM|SIM|SIM|8728
SIM|SIM|SIM|1597
SIM|NÃO|NÃO|8979
SIM|SIM|SIM|7529
SIM|SIM|NÃO|2603
SIM|SIM|NÃO|1435
SIM|SIM|SIM|2397
SIM|SIM|NÃO|4111
SIM|SIM|SIM|1027
SIM|SIM|NÃO|1990
SIM|SIM|SIM|6443
SIM|SIM|SIM|5705
SIM|SIM|NÃO|3494
SIM|SIM|SIM|3129
SIM|SIM|NÃO|7411
SIM|SIM|SIM|5096
SIM|SIM|NÃO|2520
SIM|NÃO|NÃO|4673
SIM|SIM|NÃO|8066
SIM|SIM|NÃO|3728
NÃO|NÃO|NÃO|8138
SIM|SIM|NÃO|8197
SIM|SIM|NÃO|5432
SIM|SIM|SIM|9256
SIM|SIM|SIM|2335
SIM|SIM|SIM|6292
SIM|SIM|NÃO|1995
SIM|SIM|NÃO|8191
SIM|NÃO|NÃO|6533
SIM|SIM|NÃO|9063
SIM|SIM|SIM|4622
SIM|SIM|SIM|2379
SIM|SIM|NÃO|2873
NÃO|NÃO|NÃO|6525
SIM|SIM|NÃO|1834
SIM|SIM|NÃO|3215
SIM|NÃO|NÃO|3621
SIM|SIM|NÃO|9274
SIM|SIM|SIM|8309
SIM|SIM|SIM|1700
SIM|SIM|SIM|8617
SIM|SIM|NÃO|8982
SIM|SIM|NÃO|9117
SIM|SIM|SIM|6316
SIM|SIM|SIM|6450
SIM|NÃO|NÃO|5342
SIM|SIM|SIM|8229
SIM|NÃO|NÃO|3102
SIM|SIM|NÃO|8680
SIM|NÃO|NÃO|6766
SIM|SIM|SIM|1432
SIM|NÃO|NÃO|7759
SIM|NÃO|NÃO|8208
SIM|SIM|NÃO|8223
SIM|NÃO|NÃO|4670
SIM|NÃO|NÃO|8394
SIM|SIM|SIM|6776
SIM|SIM|SIM|3519
SIM|SIM|NÃO|8837
SIM|SIM|SIM|2009
SIM|NÃO|NÃO|6183
NÃO|NÃO|NÃO|1164
SIM|NÃO|NÃO|6067
SIM|NÃO|NÃO|8441
SIM|SIM|NÃO|3295
SIM|NÃO|NÃO|8567
SIM|NÃO|NÃO|474
SIM|NÃO|NÃO|3144
SIM|SIM|NÃO|4257
SIM|NÃO|NÃO|5596
SIM|NÃO|NÃO|934
NÃO|NÃO|NÃO|7613
SIM|NÃO|NÃO|6442
SIM|NÃO|NÃO|193
SIM|SIM|SIM|265
SIM|SIM|SIM|2727
SIM|NÃO|NÃO|1659
SIM|SIM|NÃO|5594
SIM|SIM|NÃO|6102
SIM|SIM|SIM|5757
NÃO|NÃO|NÃO|2210
SIM|NÃO|NÃO|3579
SIM|NÃO|NÃO|3607
SIM|SIM|SIM|2327
SIM|SIM|NÃO|8735
SIM|SIM|NÃO|2801
SIM|SIM|NÃO|2521
SIM|SIM|NÃO|535
SIM|SIM|SIM|7703
SIM|SIM|NÃO|3185
SIM|SIM|SIM|4669
SIM|SIM|NÃO|4643
SIM|SIM|NÃO|9479
NÃO|NÃO|NÃO|4014
SIM|SIM|NÃO|9478
SIM|SIM|NÃO|4467
SIM|SIM|NÃO|7456
SIM|NÃO|NÃO|9931
SIM|SIM|SIM|5204
SIM|SIM|SIM|5449
SIM|SIM|NÃO|5559
SIM|SIM|SIM|2013
SIM|NÃO|NÃO|7902
SIM|SIM|NÃO|8139
SIM|SIM|SIM|2571
SIM|SIM|SIM|3064
SIM|SIM|NÃO|267
SIM|SIM|NÃO|792
SIM|SIM|NÃO|8770
SIM|SIM|NÃO|2597
SIM|NÃO|NÃO|5901
SIM|SIM|SIM|1929
SIM|NÃO|NÃO|6022
SIM|SIM|NÃO|9899
SIM|NÃO|NÃO|1246
SIM|SIM|NÃO|9298
NÃO|NÃO|NÃO|7619
NÃO|NÃO|NÃO|6824
SIM|SIM|NÃO|8616
SIM|SIM|NÃO|2648
SIM|SIM|NÃO|9710
SIM|NÃO|NÃO|7746
SIM|SIM|SIM|8507
SIM|SIM|NÃO|9124
SIM|NÃO|NÃO|6985
SIM|SIM|NÃO|1927
SIM|NÃO|NÃO|4525
SIM|SIM|SIM|3294
SIM|SIM|NÃO|336
SIM|NÃO|NÃO|5338
SIM|NÃO|NÃO|5787
SIM|SIM|SIM|4339
SIM|NÃO|NÃO|8805
SIM|SIM|NÃO|5653
SIM|NÃO|NÃO|7541
SIM|SIM|NÃO|9475
SIM|NÃO|NÃO|5046
SIM|SIM|NÃO|727
SIM|SIM|NÃO|8539
NÃO|NÃO|NÃO|8817
SIM|NÃO|NÃO|1168
SIM|SIM|SIM|7557
SIM|NÃO|NÃO|1178
SIM|SIM|SIM|3202
SIM|NÃO|NÃO|2428
SIM|SIM|NÃO|3186
SIM|NÃO|NÃO|4694
SIM|SIM|NÃO|8483
SIM|SIM|NÃO|8599
SIM|SIM|NÃO|1144
SIM|NÃO|NÃO|879
SIM|SIM|NÃO|8518
SIM|SIM|NÃO|7497
SIM|NÃO|NÃO|761
SIM|NÃO|NÃO|4316
SIM|SIM|NÃO|9473
SIM|NÃO|NÃO|9996
SIM|NÃO|NÃO|7901
SIM|SIM|NÃO|1996
SIM|SIM|SIM|8195
SIM|SIM|NÃO|1545
SIM|SIM|NÃO|9178
SIM|SIM|SIM|7567
SIM|SIM|NÃO|1204
SIM|SIM|NÃO|4002
SIM|SIM|NÃO|2486
SIM|SIM|NÃO|8165
SIM|SIM|NÃO|8981
SIM|SIM|SIM|2995
SIM|NÃO|NÃO|8552
SIM|NÃO|NÃO|8844
SIM|NÃO|NÃO|3749
SIM|NÃO|NÃO|1601
SIM|SIM|NÃO|5550
SIM|SIM|NÃO|3988
NÃO|NÃO|NÃO|3713
NÃO|NÃO|NÃO|4776
SIM|SIM|SIM|2229
SIM|SIM|SIM|1847
SIM|SIM|SIM|1364
SIM|NÃO|NÃO|4260
SIM|SIM|SIM|6352
SIM|SIM|NÃO|587
SIM|SIM|SIM|4426
SIM|NÃO|NÃO|6821
SIM|SIM|SIM|2222
SIM|NÃO|NÃO|8791
SIM|NÃO|NÃO|9369
SIM|SIM|NÃO|8678
NÃO|NÃO|NÃO|533
SIM|NÃO|NÃO|3288
SIM|NÃO|NÃO|5571
SIM|SIM|SIM|4903
NÃO|NÃO|NÃO|1764
SIM|SIM|NÃO|1335
SIM|NÃO|NÃO|5881
SIM|SIM|NÃO|2514
SIM|SIM|NÃO|3074
SIM|SIM|NÃO|2881
SIM|SIM|SIM|2045
SIM|SIM|SIM|2022
SIM|NÃO|NÃO|582
SIM|NÃO|NÃO|5339
SIM|SIM|SIM|9228
SIM|NÃO|NÃO|6794
SIM|SIM|SIM|2344
SIM|SIM|SIM|9204
SIM|SIM|SIM|5019
SIM|SIM|NÃO|1684
SIM|NÃO|NÃO|4636
SIM|SIM|NÃO|793
SIM|SIM|SIM|5804
SIM|NÃO|NÃO|2353
SIM|SIM|NÃO|2024
SIM|SIM|NÃO|7216
SIM|NÃO|NÃO|3627
SIM|SIM|SIM|8227
SIM|SIM|NÃO|4382
SIM|SIM|SIM|2483
SIM|NÃO|NÃO|8045
SIM|SIM|NÃO|2974
SIM|SIM|NÃO|5034
SIM|SIM|NÃO|1230
SIM|SIM|NÃO|7510
SIM|SIM|NÃO|1383
NÃO|NÃO|NÃO|944
SIM|NÃO|NÃO|6955
SIM|NÃO|NÃO|929
SIM|NÃO|NÃO|7355
SIM|SIM|NÃO|2119
SIM|SIM|NÃO|164
SIM|SIM|NÃO|7956
SIM|SIM|NÃO|9800
SIM|NÃO|NÃO|6043
SIM|SIM|NÃO|8187
SIM|NÃO|NÃO|5840
SIM|SIM|SIM|6616
SIM|SIM|NÃO|9840
SIM|SIM|NÃO|9152
SIM|SIM|NÃO|4877
SIM|SIM|SIM|316
SIM|SIM|SIM|2687
SIM|SIM|SIM|5749
SIM|SIM|NÃO|6511
SIM|SIM|SIM|321
SIM|SIM|NÃO|2641
SIM|SIM|NÃO|4919
SIM|NÃO|NÃO|6588
SIM|SIM|NÃO|4156
SIM|NÃO|NÃO|1190
SIM|NÃO|NÃO|9301
SIM|SIM|NÃO|7614
SIM|NÃO|NÃO|9943
SIM|SIM|SIM|348
SIM|NÃO|NÃO|2016
SIM|SIM|NÃO|6110
SIM|SIM|SIM|993
SIM|NÃO|NÃO|6654
SIM|SIM|SIM|2447
SIM|SIM|NÃO|1333
NÃO|NÃO|NÃO|918
SIM|SIM|NÃO|413
SIM|SIM|NÃO|2657
SIM|SIM|NÃO|6268
SIM|NÃO|NÃO|6369
SIM|SIM|NÃO|8716
SIM|SIM|SIM|1988
SIM|NÃO|NÃO|5358
SIM|SIM|NÃO|6744
SIM|SIM|NÃO|448
SIM|NÃO|NÃO|1159
SIM|NÃO|NÃO|466
SIM|NÃO|NÃO|1415
SIM|SIM|NÃO|1624
SIM|NÃO|NÃO|1910
SIM|NÃO|NÃO|8056
SIM|NÃO|NÃO|1662
SIM|NÃO|NÃO|5399
SIM|NÃO|NÃO|475
SIM|NÃO|NÃO|2622
SIM|SIM|SIM|490
SIM|SIM|SIM|2308
SIM|SIM|NÃO|8118
SIM|NÃO|NÃO|9019
SIM|SIM|NÃO|496
SIM|NÃO|NÃO|2259
SIM|SIM|NÃO|2349
SIM|SIM|NÃO|9131
SIM|SIM|NÃO|8402
SIM|SIM|NÃO|522
SIM|NÃO|NÃO|5057
SIM|NÃO|NÃO|2346
SIM|NÃO|NÃO|6315
SIM|SIM|SIM|7437
SIM|NÃO|NÃO|5074
SIM|NÃO|NÃO|586
SIM|SIM|NÃO|6269
SIM|SIM|SIM|1280
SIM|SIM|SIM|5113
SIM|SIM|SIM|6763
SIM|NÃO|NÃO|1379
SIM|NÃO|NÃO|2515
SIM|NÃO|NÃO|9017
SIM|SIM|NÃO|4609
SIM|SIM|SIM|4163
SIM|SIM|SIM|4218
SIM|SIM|SIM|872
SIM|SIM|NÃO|7568
SIM|SIM|SIM|3068
SIM|SIM|NÃO|2953
SIM|SIM|SIM|2788
SIM|NÃO|NÃO|4527
SIM|SIM|SIM|3350
SIM|SIM|SIM|700
SIM|SIM|NÃO|2533
SIM|NÃO|NÃO|968
NÃO|NÃO|NÃO|668
SIM|NÃO|NÃO|9275
SIM|SIM|NÃO|6516
SIM|SIM|SIM|679
SIM|SIM|SIM|8547
SIM|SIM|NÃO|8909
SIM|SIM|SIM|2610
SIM|SIM|NÃO|3178
SIM|NÃO|NÃO|749
SIM|NÃO|NÃO|1735
SIM|SIM|NÃO|2931
SIM|SIM|SIM|773
SIM|SIM|SIM|2566
SIM|NÃO|NÃO|3469
SIM|NÃO|NÃO|9951
SIM|SIM|NÃO|862
SIM|NÃO|NÃO|8312
SIM|SIM|NÃO|6719
SIM|NÃO|NÃO|1489
SIM|NÃO|NÃO|1490
SIM|NÃO|NÃO|4974
SIM|NÃO|NÃO|2284
SIM|NÃO|NÃO|951
SIM|NÃO|NÃO|6573
NÃO|NÃO|NÃO|4462
SIM|SIM|SIM|4412
SIM|NÃO|NÃO|1739
SIM|NÃO|NÃO|9075
SIM|SIM|SIM|7684
SIM|NÃO|NÃO|2598
SIM|SIM|NÃO|5197
SIM|SIM|SIM|2203
NÃO|NÃO|NÃO|9016
SIM|SIM|NÃO|9841
SIM|SIM|SIM|5422
SIM|SIM|NÃO|6902
NÃO|NÃO|NÃO|3636
SIM|NÃO|NÃO|1052
SIM|NÃO|NÃO|9114
SIM|NÃO|NÃO|1928
SIM|SIM|NÃO|973
SIM|NÃO|NÃO|8730
SIM|NÃO|NÃO|997
SIM|SIM|NÃO|6009
SIM|NÃO|NÃO|6008
SIM|SIM|SIM|2956
SIM|SIM|NÃO|6594
SIM|SIM|NÃO|7675
SIM|NÃO|NÃO|1871
SIM|NÃO|NÃO|1103
NÃO|NÃO|NÃO|1109
SIM|NÃO|NÃO|2424
SIM|SIM|NÃO|9316
SIM|SIM|SIM|2164
SIM|NÃO|NÃO|8380
SIM|NÃO|NÃO|2179
SIM|NÃO|NÃO|6507
SIM|NÃO|NÃO|5921
SIM|NÃO|NÃO|5725
NÃO|NÃO|NÃO|6104
NÃO|NÃO|NÃO|2549
SIM|NÃO|NÃO|7942
SIM|SIM|SIM|8696
SIM|SIM|não|5327
SIM|SIM|SIM|6380
NÃO|NÃO|NÃO|3331
SIM|SIM|SIM|5361
SIM|NÃO|NÃO|9066
SIM|NÃO|NÃO|4216
SIM|NÃO|NÃO|262
SIM|SIM|NÃO|2660
SIM|SIM|NÃO|7079
SIM|SIM|NÃO|2030
SIM|SIM|SIM|5055
SIM|NÃO|NÃO|3456
SIM|NÃO|NÃO|9116
SIM|SIM|SIM|7257
NÃO|NÃO|NÃO|4605
NÃO|NÃO|NÃO|5153
NÃO|NÃO|NÃO|1211
SIM|NÃO|NÃO|1013
SIM|SIM|NÃO|8203
SIM|SIM|NÃO|2269
SIM|SIM|NÃO|8908
SIM|SIM|SIM|7366
SIM|SIM|SIM|6592
SIM|SIM|NÃO|8012
SIM|SIM|NÃO|5802
NÃO|NÃO|NÃO|1596
SIM|NÃO|NÃO|1600
SIM|SIM|NÃO|7415
SIM|NÃO|SIM|1604
SIM|SIM|NÃO|4415
SIM|NÃO|NÃO|1608
SIM|SIM|NÃO|2377
SIM|NÃO|NÃO|9057
SIM|SIM|SIM|4350
SIM|NÃO|NÃO|1223
SIM|SIM|NÃO|1477
SIM|SIM|NÃO|6663
NÃO|NÃO|NÃO|1658
SIM|NÃO|NÃO|1661
SIM|NÃO|NÃO|2531
SIM|NÃO|NÃO|1087
SIM|SIM|SIM|1975
SIM|NÃO|NÃO|3756
NÃO|NÃO|NÃO|1255
SIM|SIM|SIM|1256
SIM|NÃO|NÃO|1191
SIM|SIM|SIM|1365
SIM|SIM|NÃO|8548
NÃO|NÃO|NÃO|5516
SIM|SIM|NÃO|3255
NÃO|NÃO|NÃO|4854
SIM|NÃO|NÃO|6842
SIM|SIM|NÃO|1831
SIM|NÃO|NÃO|1419
SIM|SIM|SIM|2697
SIM|SIM|SIM|1433
SIM|SIM|NÃO|3256
SIM|SIM|NÃO|7702
SIM|SIM|NÃO|6097
NÃO|NÃO|NÃO|1449
SIM|NÃO|NÃO|1329
NÃO|NÃO|SIM|2661
SIM|SIM|NÃO|8145
SIM|SIM|SIM|4855
SIM|NÃO|NÃO|1514
SIM|NÃO|NÃO|7724
SIM|SIM|NÃO|8480
SIM|NÃO|NÃO|1481
SIM|SIM|NÃO|6193
SIM|SIM|SIM|2064
SIM|SIM|SIM|2685
SIM|SIM|SIM|2048
SIM|SIM|SIM|3508
NÃO|NÃO|NÃO|390
SIM|SIM|SIM|1829
SIM|NÃO|NÃO|8830
SIM|NÃO|NÃO|5950
SIM|NÃO|NÃO|5689
SIM|NÃO|NÃO|7126
NÃO|NÃO|NÃO|8189
SIM|NÃO|NÃO|6343
SIM|NÃO|NÃO|8628
SIM|NÃO|NÃO|5785
SIM|NÃO|NÃO|5491
SIM|NÃO|NÃO|327
NÃO|NÃO|NÃO|6528
SIM|NÃO|NÃO|9747
SIM|NÃO|NÃO|4747
SIM|NÃO|NÃO|9673
NÃO|NÃO|NÃO|6320
SIM|NÃO|NÃO|5435
SIM|NÃO|NÃO|8089
SIM|NÃO|NÃO|5492
SIM|NÃO|NÃO|6152
SIM|NÃO|NÃO|5572
SIM|NÃO|NÃO|8997
SIM|NÃO|NÃO|8668
SIM|NÃO|NÃO|9873
SIM|NÃO|NÃO|3135
SIM|NÃO|NÃO|9325
SIM|NÃO|NÃO|8809
SIM|NÃO|NÃO|308
SIM|NÃO|NÃO|4793
NÃO|NÃO|NÃO|5682
SIM|NÃO|NÃO|4824
SIM|NÃO|NÃO|9425
NÃO|NÃO|NÃO|7907
SIM|NÃO|NÃO|4362
SIM|NÃO|NÃO|895
SIM|NÃO|NÃO|835
SIM|NÃO|NÃO|6779
SIM|NÃO|NÃO|8226
SIM|NÃO|NÃO|1629
SIM|NÃO|NÃO|4629
SIM|NÃO|NÃO|4730
SIM|NÃO|NÃO|5493
SIM|NÃO|NÃO|6263
NÃO|NÃO|NÃO|5925
SIM|NÃO|NÃO|8122
SIM|NÃO|NÃO|3796
SIM|NÃO|NÃO|9146
SIM|NÃO|NÃO|1478
SIM|NÃO|NÃO|8865
SIM|NÃO|NÃO|948
SIM|NÃO|NÃO|596
SIM|NÃO|NÃO|4878
SIM|NÃO|NÃO|5538
SIM|NÃO|NÃO|2213
SIM|NÃO|NÃO|3556
SIM|NÃO|NÃO|3644
SIM|NÃO|NÃO|1787
SIM|NÃO|NÃO|9474
SIM|NÃO|NÃO|8771
SIM|NÃO|NÃO|8078
SIM|NÃO|NÃO|9939
SIM|NÃO|NÃO|8238
SIM|NÃO|NÃO|8215
SIM|NÃO|NÃO|1788
NÃO|NÃO|NÃO|5472
SIM|NÃO|NÃO|5612
SIM|NÃO|NÃO|37
SIM|NÃO|NÃO|6738
SIM|NÃO|NÃO|1200
SIM|NÃO|NÃO|8351
SIM|NÃO|NÃO|6911
SIM|NÃO|NÃO|8878
SIM|NÃO|NÃO|6058
SIM|NÃO|NÃO|8149
SIM|NÃO|NÃO|8088
SIM|NÃO|NÃO|8007
SIM|NÃO|NÃO|8333
SIM|NÃO|NÃO|8291
SIM|NÃO|NÃO|8120
SIM|NÃO|NÃO|8877
SIM|NÃO|NÃO|5484
SIM|NÃO|NÃO|7692
SIM|NÃO|NÃO|9748
SIM|NÃO|NÃO|4883
SIM|NÃO|NÃO|7508
SIM|NÃO|NÃO|7644
SIM|NÃO|NÃO|908
SIM|NÃO|NÃO|3164
SIM|NÃO|NÃO|8565
SIM|NÃO|NÃO|3642
SIM|NÃO|NÃO|8236
SIM|NÃO|NÃO|9889
SIM|NÃO|NÃO|7309
SIM|NÃO|NÃO|1585
SIM|NÃO|NÃO|9406
SIM|NÃO|NÃO|1767
SIM|NÃO|NÃO|1793
NÃO|NÃO|NÃO|6336
SIM|NÃO|NÃO|168
SIM|NÃO|NÃO|4630
SIM|NÃO|NÃO|5512
SIM|NÃO|NÃO|332
SIM|NÃO|NÃO|4896
SIM|NÃO|NÃO|6834
SIM|NÃO|NÃO|1901
SIM|NÃO|NÃO|8763
SIM|NÃO|NÃO|461
SIM|NÃO|NÃO|9224
SIM|NÃO|NÃO|2363
SIM|NÃO|NÃO|3393
SIM|NÃO|NÃO|5490
SIM|NÃO|NÃO|4117
SIM|NÃO|NÃO|4757
SIM|NÃO|NÃO|292
SIM|NÃO|NÃO|6306
NÃO|NÃO|NÃO|8057
SIM|NÃO|NÃO|5549
SIM|NÃO|NÃO|4395
NÃO|NÃO|NÃO|5513
SIM|NÃO|NÃO|8200
SIM|NÃO|NÃO|9911
SIM|NÃO|NÃO|6164
SIM|NÃO|NÃO|8626
SIM|NÃO|NÃO|5322
SIM|NÃO|NÃO|6054
SIM|NÃO|NÃO|4264
SIM|NÃO|NÃO|7822
SIM|NÃO|NÃO|1961
SIM|NÃO|NÃO|9248
SIM|NÃO|NÃO|629
SIM|NÃO|NÃO|595
SIM|NÃO|NÃO|1080
SIM|NÃO|NÃO|9051
SIM|NÃO|NÃO|9226
SIM|NÃO|NÃO|5474
SIM|NÃO|NÃO|5497
SIM|NÃO|NÃO|2658
NÃO|NÃO|NÃO|5473
SIM|NÃO|NÃO|9344
SIM|NÃO|NÃO|8732
NÃO|NÃO|NÃO|6646
SIM|NÃO|NÃO|8414
SIM|NÃO|NÃO|8237
SIM|NÃO|NÃO|9101
SIM|NÃO|NÃO|5744
SIM|NÃO|NÃO|5837
SIM|NÃO|NÃO|922
SIM|NÃO|NÃO|8912
SIM|NÃO|NÃO|8107
SIM|NÃO|NÃO|5480
NÃO|NÃO|NÃO|1638
SIM|NÃO|NÃO|465
SIM|NÃO|NÃO|5283
SIM|NÃO|NÃO|5814
SIM|NÃO|NÃO|2280
SIM|NÃO|NÃO|5693
SIM|NÃO|NÃO|2964
SIM|NÃO|NÃO|7852
SIM|NÃO|NÃO|4976
SIM|NÃO|NÃO|2199
SIM|NÃO|NÃO|8692
SIM|NÃO|NÃO|5247
SIM|NÃO|NÃO|3194
NÃO|NÃO|NÃO|5854
SIM|NÃO|NÃO|6231
SIM|NÃO|NÃO|1922
SIM|NÃO|NÃO|161
SIM|NÃO|NÃO|8674
SIM|NÃO|NÃO|6754
SIM|NÃO|NÃO|8412
SIM|NÃO|NÃO|4709
SIM|NÃO|NÃO|347
SIM|NÃO|NÃO|7361
SIM|NÃO|NÃO|7751
SIM|NÃO|NÃO|4703
SIM|NÃO|NÃO|7515
SIM|NÃO|NÃO|4610
SIM|NÃO|NÃO|9303
SIM|NÃO|NÃO|3411
SIM|NÃO|NÃO|6775
SIM|NÃO|NÃO|8868
SIM|NÃO|NÃO|3706
SIM|NÃO|NÃO|8684
SIM|NÃO|NÃO|455
SIM|NÃO|NÃO|7928
SIM|NÃO|NÃO|3804
SIM|NÃO|NÃO|9247
SIM|NÃO|NÃO|5948
SIM|NÃO|NÃO|8199
SIM|NÃO|NÃO|5210
SIM|NÃO|NÃO|7500
SIM|NÃO|NÃO|7579
SIM|NÃO|NÃO|5479
SIM|NÃO|NÃO|8775
SIM|NÃO|NÃO|7243
SIM|NÃO|NÃO|6778
SIM|NÃO|NÃO|6770
SIM|NÃO|NÃO|8671
SIM|NÃO|NÃO|518
SIM|NÃO|NÃO|9095
SIM|NÃO|NÃO|1724
NÃO|NÃO|NÃO|7763
SIM|NÃO|NÃO|8841
SIM|NÃO|NÃO|6513
SIM|NÃO|NÃO|2337
SIM|NÃO|NÃO|8590
SIM|NÃO|NÃO|7908
SIM|NÃO|NÃO|5500
SIM|NÃO|NÃO|8295
SIM|NÃO|NÃO|6077
SIM|NÃO|NÃO|8110
SIM|NÃO|NÃO|7059
SIM|NÃO|NÃO|8431
NÃO|NÃO|NÃO|1386
SIM|NÃO|NÃO|8177
SIM|NÃO|NÃO|5723
SIM|NÃO|NÃO|5501
SIM|NÃO|NÃO|1973
SIM|NÃO|NÃO|6075
SIM|NÃO|NÃO|9401
SIM|NÃO|NÃO|9674
SIM|NÃO|NÃO|493
SIM|NÃO|NÃO|8681
SIM|NÃO|NÃO|7555
SIM|NÃO|NÃO|5195
NÃO|NÃO|NÃO|9278
SIM|NÃO|NÃO|7616
SIM|NÃO|NÃO|4399
SIM|NÃO|NÃO|9788
SIM|NÃO|NÃO|4810
SIM|NÃO|NÃO|8953
SIM|NÃO|NÃO|5605
SIM|NÃO|NÃO|5477
SIM|NÃO|NÃO|9675
SIM|NÃO|NÃO|1580
NÃO|NÃO|NÃO|5947
SIM|NÃO|NÃO|8559
SIM|NÃO|NÃO|6449
SIM|NÃO|NÃO|6634
NÃO|NÃO|NÃO|5811
NÃO|NÃO|NÃO|1437
SIM|NÃO|NÃO|510
SIM|NÃO|NÃO|8573
SIM|NÃO|NÃO|9910
SIM|NÃO|NÃO|3440
SIM|NÃO|NÃO|6192
SIM|NÃO|NÃO|5250
SIM|NÃO|NÃO|5476
SIM|NÃO|NÃO|1539
SIM|NÃO|NÃO|7789
SIM|NÃO|NÃO|6583
SIM|NÃO|NÃO|4421
SIM|NÃO|NÃO|5987
SIM|NÃO|NÃO|5598
SIM|NÃO|NÃO|3160
SIM|NÃO|NÃO|4790
SIM|NÃO|NÃO|2507
SIM|NÃO|NÃO|5503
SIM|NÃO|NÃO|9170
SIM|NÃO|NÃO|8178
SIM|SIM|NÃO|6593
SIM|SIM|NÃO|2194
SIM|SIM|NÃO|7209
SIM|SIM|NÃO|6597
SIM|SIM|NÃO|9454
SIM|SIM|SIM|7288
SIM|SIM|NÃO|5645
SIM|SIM|NÃO|7166
SIM|SIM|NÃO|5824
SIM|SIM|NÃO|7017
NÃO|NÃO|NÃO|5812
SIM|SIM|NÃO|135
SIM|SIM|NÃO|7222
SIM|SIM|SIM|5823
SIM|SIM|SIM|7056
SIM|SIM|SIM|7139
SIM|SIM|SIM|7140
SIM|SIM|NÃO|1818
SIM|SIM|SIM|8526
SIM|SIM|SIM|7223
SIM|SIM|SIM|7235
SIM|SIM|SIM|7250
SIM|SIM|NÃO|8925
SIM|SIM|SIM|7147
SIM|SIM|NÃO|7988
SIM|SIM|SIM|6968
SIM|SIM|NÃO|9651
SIM|SIM|SIM|7003
SIM|SIM|NÃO|8105
SIM|SIM|NÃO|6988
SIM|SIM|SIM|7260
SIM|SIM|SIM|8806
SIM|SIM|SIM|5421
SIM|SIM|NÃO|1462
SIM|SIM|SIM|9169
SIM|SIM|SIM|5562
SIM|SIM|SIM|1218
SIM|SIM|NÃO|4914
SIM|SIM|NÃO|7127
SIM|SIM|SIM|7203
SIM|SIM|SIM|7683
SIM|SIM|NÃO|8820
SIM|SIM|SIM|7270
SIM|SIM|NÃO|3384
SIM|SIM|SIM|1485
SIM|SIM|SIM|892
SIM|SIM|SIM|7359
SIM|SIM|SIM|7013
SIM|SIM|NÃO|714
SIM|SIM|NÃO|8184
SIM|SIM|SIM|7535
SIM|SIM|SIM|7195
SIM|SIM|NÃO|1859
NÃO|NÃO|NÃO|5772
SIM|SIM|NÃO|7351
SIM|SIM|SIM|7107
SIM|SIM|NÃO|6584
SIM|SIM|NÃO|9149
SIM|SIM|NÃO|6739
SIM|SIM|NÃO|7835
SIM|SIM|SIM|7960
SIM|SIM|SIM|5602
SIM|SIM|NÃO|7755
SIM|SIM|NÃO|7057
SIM|SIM|SIM|7761
SIM|SIM|NÃO|7154
SIM|SIM|SIM|6946
SIM|SIM|SIM|7061
SIM|SIM|NÃO|7433
SIM|SIM|NÃO|5510
SIM|SIM|NÃO|7333
SIM|NÃO|NÃO|5556
SIM|SIM|SIM|7134
SIM|SIM|NÃO|9683
SIM|SIM|NÃO|4704
SIM|SIM|SIM|6984
SIM|SIM|SIM|3748
SIM|SIM|NÃO|1463
SIM|SIM|NÃO|7159
NÃO|NÃO|SIM|5773
SIM|SIM|SIM|7081
SIM|SIM|NÃO|5832
SIM|SIM|NÃO|7176
SIM|SIM|NÃO|8003
SIM|SIM|NÃO|8362
SIM|SIM|SIM|7234
SIM|SIM|SIM|8645
SIM|SIM|NÃO|3750
SIM|SIM|SIM|438
SIM|SIM|SIM|3071
SIM|SIM|NÃO|4741
SIM|SIM|SIM|3568
SIM|SIM|NÃO|7534
SIM|SIM|SIM|7185
SIM|SIM|NÃO|7336
SIM|SIM|SIM|2412
SIM|SIM|SIM|7283
SIM|NÃO|NÃO|8629
SIM|SIM|NÃO|9416
SIM|SIM|NÃO|7334
SIM|SIM|NÃO|865
SIM|SIM|NÃO|6990
SIM|SIM|NÃO|8006
SIM|SIM|SIM|7113
SIM|SIM|SIM|6969
SIM|SIM|SIM|289
SIM|SIM|NÃO|7086
SIM|SIM|NÃO|8087
SIM|SIM|NÃO|6595
SIM|SIM|NÃO|4641
SIM|SIM|NÃO|7278
SIM|SIM|NÃO|861
SIM|SIM|SIM|4900
SIM|SIM|NÃO|8192
SIM|SIM|SIM|7002
SIM|SIM|SIM|7271
SIM|SIM|NÃO|9289
SIM|SIM|SIM|7088
SIM|SIM|NÃO|7390
SIM|SIM|NÃO|6998
SIM|SIM|NÃO|8513
SIM|SIM|NÃO|1281
SIM|SIM|NÃO|6976
SIM|SIM|NÃO|8807
SIM|SIM|SIM|5918
SIM|SIM|NÃO|7849
SIM|SIM|NÃO|9493
SIM|SIM|SIM|2006
SIM|SIM|NÃO|4660
SIM|SIM|SIM|7396
SIM|SIM|SIM|7699
SIM|SIM|SIM|7146
SIM|SIM|NÃO|4804
SIM|SIM|NÃO|6581
SIM|SIM|NÃO|2662
SIM|SIM|NÃO|7883
SIM|SIM|SIM|9212
SIM|SIM|SIM|7152
SIM|SIM|NÃO|8963
SIM|SIM|SIM|7374
SIM|SIM|NÃO|5634
SIM|SIM|NÃO|826
SIM|SIM|SIM|4814
SIM|SIM|NÃO|4811
SIM|SIM|NÃO|6681
SIM|SIM|NÃO|1860
SIM|SIM|SIM|6978
SIM|SIM|SIM|6986
SIM|SIM|SIM|6987
SIM|SIM|SIM|7020
SIM|SIM|SIM|6991
SIM|SIM|SIM|6697
SIM|SIM|NÃO|5690
SIM|SIM|NÃO|4173
SIM|SIM|NÃO|8019
SIM|SIM|NÃO|854
SIM|SIM|NÃO|6963
SIM|SIM|NÃO|682
SIM|SIM|SIM|5900
SIM|SIM|SIM|186
SIM|SIM|NÃO|1937
SIM|SIM|SIM|6989
SIM|SIM|SIM|1039
SIM|SIM|NÃO|8834
SIM|SIM|NÃO|8586
SIM|SIM|NÃO|3059
SIM|SIM|NÃO|6965
SIM|SIM|NÃO|1542
SIM|SIM|SIM|7183
SIM|SIM|NÃO|1729
SIM|SIM|NÃO|4486
SIM|SIM|NÃO|7268
SIM|SIM|NÃO|1323
SIM|SIM|SIM|6556
SIM|SIM|SIM|7019
SIM|SIM|NÃO|422
SIM|SIM|NÃO|1192
SIM|SIM|SIM|7655
SIM|NÃO|NÃO|5978
SIM|SIM|SIM|7080
SIM|SIM|SIM|1149
SIM|SIM|SIM|6966
SIM|SIM|SIM|7022
SIM|SIM|NÃO|2411
NÃO|NÃO|NÃO|8888
SIM|SIM|NÃO|7100
SIM|SIM|NÃO|6964
SIM|SIM|NÃO|5026
SIM|SIM|SIM|7076
SIM|SIM|NÃO|1345
SIM|SIM|SIM|7170
SIM|SIM|NÃO|9399
SIM|SIM|NÃO|5953
SIM|SIM|NÃO|7685
SIM|SIM|SIM|7249
SIM|SIM|NÃO|7116
SIM|NÃO|NÃO|8018
SIM|SIM|NÃO|6999
SIM|SIM|NÃO|9180
SIM|SIM|SIM|7184
SIM|SIM|NÃO|1040
SIM|SIM|SIM|6993
SIM|SIM|SIM|5187
SIM|SIM|NÃO|5957
SIM|SIM|NÃO|7049
SIM|NÃO|NÃO|876
SIM|SIM|SIM|4384
SIM|NÃO|NÃO|8726
SIM|SIM|NÃO|662
SIM|SIM|NÃO|8896
NÃO|NÃO|NÃO|5442
SIM|SIM|SIM|266
SIM|SIM|SIM|7091
SIM|SIM|NÃO|3395
SIM|SIM|SIM|2147
SIM|SIM|NÃO|7106
SIM|SIM|NÃO|4634
SIM|SIM|NÃO|7054
SIM|SIM|NÃO|6546
SIM|SIM|NÃO|7957
SIM|SIM|SIM|7475
SIM|SIM|SIM|1751
SIM|SIM|SIM|7833
SIM|SIM|NÃO|9681
SIM|SIM|NÃO|7700
SIM|NÃO|NÃO|5701
SIM|SIM|NÃO|7043
SIM|SIM|NÃO|8554
SIM|SIM|NÃO|7950
SIM|SIM|NÃO|1843
SIM|SIM|NÃO|7045
SIM|SIM|NÃO|4862
SIM|SIM|SIM|8086
SIM|SIM|SIM|7177
SIM|SIM|NÃO|8474
SIM|SIM|NÃO|5836
SIM|SIM|SIM|6967